-- ============================================================
-- 城市临期食品系统 - 种子数据 V2
-- 包含：100+食品、20+用户、600+行为记录、文章、食谱、订单
-- 图片策略：Unsplash 真实食物摄影
-- ============================================================

-- 清理已有数据（避免主键冲突）
DELETE FROM user_behavior WHERE user_id > 1;
DELETE FROM food_tag_relation WHERE food_id > 42;
DELETE FROM food WHERE food_id > 42;
DELETE FROM food_recipe WHERE recipe_id > 0;
DELETE FROM food_article WHERE article_id > 0;
DELETE FROM community_comment WHERE comment_id > 0;
DELETE FROM community_post WHERE post_id > 0;
DELETE FROM recipe_favorite WHERE favorite_id > 0;
DELETE FROM points_record WHERE user_id > 1;
DELETE FROM points_goods WHERE goods_id > 0;
DELETE FROM sys_notice WHERE notice_id > 3;

-- ==================== 新增用户（10个，每种类型不同画像） ====================
INSERT IGNORE INTO sys_user (user_id, username, password, nickname, phone, email, role, create_time, deleted) VALUES
(106, 'health_wang', 'e10adc3949ba59abbe56e057f20f883e', '健康达人小王', '13812340001', 'wang@bylw.com', 'user', DATE_SUB(NOW(), INTERVAL 90 DAY), 0),
(107, 'office_li', 'e10adc3949ba59abbe56e057f20f883e', '都市白领李姐', '13812340002', 'li@bylw.com', 'user', DATE_SUB(NOW(), INTERVAL 85 DAY), 0),
(108, 'student_zhang', 'e10adc3949ba59abbe56e057f20f883e', '学生党小张', '13812340003', 'zhang@bylw.com', 'user', DATE_SUB(NOW(), INTERVAL 80 DAY), 0),
(109, 'fitness_zhao', 'e10adc3949ba59abbe56e057f20f883e', '健身教练赵哥', '13812340004', 'zhao@bylw.com', 'user', DATE_SUB(NOW(), INTERVAL 75 DAY), 0),
(110, 'mom_qian', 'e10adc3949ba59abbe56e057f20f883e', '全职宝妈钱妈妈', '13812340005', 'qian@bylw.com', 'user', DATE_SUB(NOW(), INTERVAL 70 DAY), 0),
(111, 'elder_sun', 'e10adc3949ba59abbe56e057f20f883e', '退休老人孙叔', '13812340006', 'sun@bylw.com', 'user', DATE_SUB(NOW(), INTERVAL 65 DAY), 0),
(112, 'snack_lover', 'e10adc3949ba59abbe56e057f20f883e', '零食控小美', '13812340007', 'mei@bylw.com', 'user', DATE_SUB(NOW(), INTERVAL 60 DAY), 0),
(113, 'chef_chen', 'e10adc3949ba59abbe56e057f20f883e', '美食达人陈大厨', '13812340008', 'chen@bylw.com', 'user', DATE_SUB(NOW(), INTERVAL 55 DAY), 0),
(114, 'office_he', 'e10adc3949ba59abbe56e057f20f883e', '加班族小何', '13812340009', 'he@bylw.com', 'user', DATE_SUB(NOW(), INTERVAL 50 DAY), 0),
(115, 'green_wu', 'e10adc3949ba59abbe56e057f20f883e', '绿色生活吴姐', '13812340010', 'wu@bylw.com', 'user', DATE_SUB(NOW(), INTERVAL 45 DAY), 0);

-- 配送员
INSERT IGNORE INTO sys_user (user_id, username, password, nickname, phone, role, create_time, deleted) VALUES
(201, 'courier_01', 'e10adc3949ba59abbe56e057f20f883e', '配送员张伟', '13900001001', 'courier', DATE_SUB(NOW(), INTERVAL 60 DAY), 0),
(202, 'courier_02', 'e10adc3949ba59abbe56e057f20f883e', '配送员李娜', '13900001002', 'courier', DATE_SUB(NOW(), INTERVAL 60 DAY), 0),
(203, 'courier_03', 'e10adc3949ba59abbe56e057f20f883e', '配送员王强', '13900001003', 'courier', DATE_SUB(NOW(), INTERVAL 60 DAY), 0);

-- ==================== 饮食档案 ====================
INSERT IGNORE INTO food_profile (user_id, taste_preference, allergen_info, chronic_disease, taboo_info, remark, update_time) VALUES
(2, '清淡,少油少盐', '无', '无', '无', '注重健康饮食，规律作息', NOW()),
(100, '甜,香脆', '坚果过敏', '无', '无', '甜食爱好者', NOW()),
(101, '家常,实用', '无', '无', '无', '家庭烹饪为主', NOW()),
(102, '高蛋白,低脂', '无', '无', '乳糖不耐受', '健身减脂', NOW()),
(103, '重口味,速食', '无', '无', '无', '学生党，经常熬夜', NOW()),
(104, '营养均衡', '无', '无', '无', '有小孩，关注营养', NOW()),
(105, '便捷,健康', '无', '无', '无', '上班族，早出晚归', NOW()),
(106, '天然有机', '无', '无', '无', '追求有机食品', NOW()),
(107, '少油少盐', '海鲜过敏', '高血脂', '高脂肪食物', '控制血脂', NOW()),
(108, '便宜实惠', '无', '无', '无', '预算有限', NOW()),
(109, '高蛋白低碳', '无', '无', '无', '增肌训练期', NOW()),
(110, '儿童营养', '鸡蛋过敏', '无', '辛辣', '为孩子准备', NOW()),
(111, '软烂清淡', '无', '糖尿病', '高糖', '老年人饮食', NOW()),
(112, '甜食,零食', '无', '无', '无', '无', NOW()),
(113, '烹饪多样', '无', '无', '无', '喜欢研究美食', NOW()),
(114, '提神醒脑', '无', '无', '无', '经常加班', NOW()),
(115, '环保健康', '无', '无', '无', '素食为主', NOW());

-- ==================== 新增临期食品（食品ID从43开始） ====================
-- 新鲜果蔬 (category_id=1)：新增15条
INSERT INTO food (food_id, merchant_id, category_id, food_name, origin_price, discount_price, stock_qty, expire_date, nutrition_desc, suitable_people, allergen_info, taste_desc, cover_img, description, status, deleted, create_time, update_time) VALUES
(43, 1, 1, '新疆阿克苏冰糖心苹果 4个', 38, 19, 50, DATE_ADD(NOW(), INTERVAL 4 DAY), '富含维生素C、果胶，含糖量高口感甘甜', '所有人群', '无', '甘甜多汁，糖心明显', '/images/foods/43_新疆阿克苏冰糖心苹果4个.jpg', '新疆阿克苏产区，冰糖心明显，口感甘甜，产自昼夜温差大的天山脚下。', 1, 0, NOW(), NOW()),
(44, 2, 1, '山东大葱 2根', 8.8, 4.4, 80, DATE_ADD(NOW(), INTERVAL 6 DAY), '富含维生素C、硒，抗菌消炎', '所有人群', '无', '葱香浓郁，口感脆甜', '/images/foods/44_山东大葱2根.jpg', '山东章丘大葱，葱白长，口感脆甜无筋，葱香浓郁，是烹饪佳品。', 1, 0, NOW(), NOW()),
(45, 3, 1, '荷兰土豆 2.5kg', 18.8, 9.4, 60, DATE_ADD(NOW(), INTERVAL 10 DAY), '富含碳水化合物、维生素C、钾', '所有人群', '无', '口感绵密，蒸煮皆宜', '/images/foods/45_荷兰土豆2.5kg.jpg', '荷兰进口品种，个大饱满，皮薄肉细，蒸煮煎炸皆可。', 1, 0, NOW(), NOW()),
(46, 1, 1, '云南高原土豆 2kg', 16.8, 8.4, 70, DATE_ADD(NOW(), INTERVAL 12 DAY), '低热量，富含膳食纤维和维生素B6', '减肥人群、三高人群', '无', '软糯绵密，自然清甜', '/images/foods/46_云南高原土豆2kg.jpg', '云南高原种植，个头均匀，口感软糯，适合多种烹饪方式。', 1, 0, NOW(), NOW()),
(47, 2, 1, '甘肃定西土豆 3kg', 14.8, 7.4, 90, DATE_ADD(NOW(), INTERVAL 15 DAY), '高钾低钠，富含维生素C和B族维生素', '所有人群', '无', '淀粉含量高，口感绵密', '/images/foods/47_甘肃定西土豆3kg.jpg', '甘肃定西优质土豆，中国国家地理标志产品，淀粉含量高，口感绵密。', 1, 0, NOW(), NOW()),
(48, 1, 1, '东北糯玉米 5穗', 25, 12.5, 40, DATE_ADD(NOW(), INTERVAL 3 DAY), '富含膳食纤维、玉米黄质', '所有人群', '无', '软糯香甜，粒粒饱满', '/images/foods/48_东北糯玉米5穗.jpg', '东北黑土地种植，非转基因，软糯香甜，营养丰富。', 1, 0, NOW(), NOW()),
(49, 3, 1, '有机红薯 1.5kg', 22, 11, 55, DATE_ADD(NOW(), INTERVAL 8 DAY), '富含膳食纤维、胡萝卜素、维生素A', '减肥人群、便秘人群', '无', '香甜软糯，入口即化', '/images/foods/49_有机红薯1.5kg.jpg', '有机种植，口感绵密香甜，蒸煮烤制均可，是健康主食替代品。', 1, 0, NOW(), NOW()),
(50, 1, 1, '新鲜莲藕 2节', 15.8, 7.9, 45, DATE_ADD(NOW(), INTERVAL 5 DAY), '富含黏蛋白、膳食纤维、维生素C', '所有人群', '无', '脆爽清甜，炖煮软糯', '/images/foods/50_新鲜莲藕2节.jpg', '来自湖北洪湖，藕节圆润通气孔，炖汤脆爽清甜，营养丰富。', 1, 0, NOW(), NOW()),
(51, 2, 1, '香菇 300g', 18.8, 9.4, 35, DATE_ADD(NOW(), INTERVAL 4 DAY), '富含香菇多糖、维生素D、硒', '免疫力低下人群、老人', '无', '菇香浓郁，口感肥厚', '/images/foods/51_香菇300g.jpg', '段木香菇，朵形完整，菇香浓郁，口感肥厚有嚼劲。', 1, 0, NOW(), NOW()),
(52, 3, 1, '新鲜银耳 200g', 28, 14, 30, DATE_ADD(NOW(), INTERVAL 6 DAY), '富含胶原蛋白、银耳多糖', '女性、爱美人士', '无', '软糯爽滑，胶质丰富', '/images/foods/52_新鲜银耳200g.jpg', '古田新鲜银耳，朵大肉厚，炖煮后胶质丰富，是美容养颜佳品。', 1, 0, NOW(), NOW()),
(53, 1, 1, '紫甘蓝 1颗', 12.8, 6.4, 60, DATE_ADD(NOW(), INTERVAL 7 DAY), '富含花青素、维生素C、膳食纤维', '减肥人群、抗氧化需求者', '无', '脆嫩清甜，色泽艳丽', '/images/foods/53_紫甘蓝1颗.jpg', '进口品种，叶片紧实，色泽紫红，富含花青素，适合凉拌或炒食。', 1, 0, NOW(), NOW()),
(54, 2, 1, '娃娃菜 3棵', 9.9, 4.95, 70, DATE_ADD(NOW(), INTERVAL 5 DAY), '富含维生素C、叶酸、钾', '所有人群', '无', '嫩绿清甜，口感脆爽', '/images/foods/54_娃娃菜3棵.jpg', '精选娃娃菜，叶片嫩绿，菜心饱满，清甜可口，适合清炒或涮火锅。', 1, 0, NOW(), NOW()),
(55, 3, 1, '荷兰小黄瓜 6根', 14.8, 7.4, 50, DATE_ADD(NOW(), INTERVAL 6 DAY), '富含水分、维生素K、钾，低热量', '减肥人群、爱美人士', '无', '脆嫩多汁，清爽可口', '/images/foods/55_荷兰小黄瓜6根.jpg', '荷兰进口品种，皮薄肉嫩，汁水丰富，无需去皮直接食用。', 1, 0, NOW(), NOW()),
(56, 1, 1, '海南贵妃芒 3个', 32, 16, 40, DATE_ADD(NOW(), INTERVAL 2 DAY), '富含维生素A、C，类胡萝卜素含量高', '所有人群', '芒果过敏者禁食', '果肉金黄，甜度高，入口即化', '/images/foods/56_海南贵妃芒3个.jpg', '海南贵妃芒树上熟，果肉金黄无纤维，甜度极高，入口即化。', 1, 0, NOW(), NOW()),
(57, 2, 1, '越南红心火龙果 2个', 28, 14, 45, DATE_ADD(NOW(), INTERVAL 5 DAY), '富含花青素、维生素C、水溶性膳食纤维', '便秘人群、抗氧化需求者', '无', '果肉紫红，清甜多汁', '/images/foods/57_越南红心火龙果2个.jpg', '越南进口红心火龙果，花青素含量高，果肉呈深紫红色，清甜多汁。', 1, 0, NOW(), NOW()),

-- 肉禽蛋奶 (category_id=2)：新增15条
(58, 1, 2, '丹麦皇冠猪排 300g', 36, 18, 35, DATE_ADD(NOW(), INTERVAL 3 DAY), '富含蛋白质、B族维生素、铁', '所有人群', '无', '肉质细嫩，纹理清晰', '/images/foods/58_丹麦皇冠猪排300g.jpg', '丹麦进口猪排，肉质细嫩，纹理分明，适合煎制或红烧。', 1, 0, NOW(), NOW()),
(59, 2, 2, '澳洲进口牛腩 500g', 58, 29, 25, DATE_ADD(NOW(), INTERVAL 4 DAY), '高蛋白低脂肪，富含铁和锌', '所有人群', '无', '肥瘦相间，适合炖煮', '/images/foods/59_澳洲进口牛腩500g.jpg', '澳洲进口牛腩，脂肪含量适中，肉质紧实，炖煮后软烂入味。', 1, 0, NOW(), NOW()),
(60, 1, 2, '圣迪乐村鸡蛋 30枚', 36, 18, 60, DATE_ADD(NOW(), INTERVAL 12 DAY), '高DHA、叶黄素、硒', '儿童、孕妇、老人', '鸡蛋过敏者禁食', '蛋黄橙红，蛋香浓郁', '/images/foods/60_圣迪乐村鸡蛋30枚.jpg', '圣迪乐村可生食鸡蛋，蛋黄橙红饱满，无蛋腥味，可做溏心蛋。', 1, 0, NOW(), NOW()),
(61, 2, 2, '荷斯坦纯牛奶 1L*2盒', 26, 13, 55, DATE_ADD(NOW(), INTERVAL 8 DAY), '优质乳蛋白、钙、维生素D', '儿童、青少年、中老年', '乳糖不耐受者慎食', '奶香纯正，口感丝滑', '/images/foods/61_荷斯坦纯牛奶1Lx2盒.jpg', '荷斯坦奶牛所产，奶香浓郁，口感丝滑，每100ml含蛋白质3.3g。', 1, 0, NOW(), NOW()),
(62, 3, 2, '大希地虾仁 200g*2袋', 48, 24, 40, DATE_ADD(NOW(), INTERVAL 5 DAY), '高蛋白低脂肪，富含虾青素', '健身人群、减脂人群', '虾蟹过敏者禁食', '肉质弹牙，清甜鲜美', '/images/foods/62_大希地虾仁200gx2袋.jpg', '厄瓜多尔白虾仁，去壳去虾线，肉质弹牙，开袋即烹。', 1, 0, NOW(), NOW()),
(63, 1, 2, '荷美尔培根 200g*2包', 46, 23, 35, DATE_ADD(NOW(), INTERVAL 7 DAY), '富含蛋白质和铁', '所有人群', '无', '肥瘦相间，煎制焦香', '/images/foods/63_荷美尔培根200gx2包.jpg', '荷美尔经典培根，肥瘦相间，煎制后焦香四溢，早餐必备。', 1, 0, NOW(), NOW()),
(64, 2, 2, '王致和腐乳 340g*2瓶', 18, 9, 50, DATE_ADD(NOW(), INTERVAL 45 DAY), '富含益生菌、钙、B12', '素食人群', '豆制品过敏者禁食', '细腻绵滑，醇香浓郁', '/images/foods/64_王致和腐乳340gx2瓶.jpg', '王致和玫瑰腐乳，添加红方天然发酵，口感细腻绵滑，醇香浓郁。', 1, 0, NOW(), NOW()),
(65, 3, 2, '老干妈风味鸡油辣子 280g', 22, 11, 45, DATE_ADD(NOW(), INTERVAL 60 DAY), '含辣椒素，促进新陈代谢', '喜辣人群', '无', '香辣可口，油香四溢', '/images/foods/65_老干妈风味鸡油辣子280g.jpg', '经典风味鸡油辣子，香辣开胃，油香四溢，下饭神器。', 1, 0, NOW(), NOW()),
(66, 1, 2, '北纬45°纯驼乳粉 300g', 198, 99, 15, DATE_ADD(NOW(), INTERVAL 90 DAY), '富含乳铁蛋白、免疫球蛋白、钙', '免疫力低下人群、老人', '乳制品过敏者禁食', '奶香纯正，口感醇厚', '/images/foods/66_北纬45°纯驼乳粉300g.jpg', '源自内蒙古骆驼奶，珍贵稀有，富含乳铁蛋白，适合中老年滋补。', 1, 0, NOW(), NOW()),
(67, 2, 2, 'IFF天然香草精 60ml', 48, 24, 20, DATE_ADD(NOW(), INTERVAL 120 DAY), '天然香草提取物，无人工添加', '烘焙爱好者', '无', '香气浓郁，芬芳怡人', '/images/foods/67_IFF天然香草精60ml.jpg', 'IFF天然香草精，烘焙提香必备，香气纯正浓郁，1-2滴即可。', 1, 0, NOW(), NOW()),
(68, 3, 2, '可生食鲜鸡蛋 20枚', 42, 21, 55, DATE_ADD(NOW(), INTERVAL 15 DAY), '沙门氏菌阴性，高DHA', '追求品质人群', '鸡蛋过敏者禁食', '蛋黄橙红，蛋香浓郁', '/images/foods/68_可生食鲜鸡蛋20枚.jpg', '日本工艺可生食标准，蛋黄橙红饱满，无蛋腥味，口感绵密。', 1, 0, NOW(), NOW()),
(69, 1, 2, '进口车达奶酪片 200g*2包', 56, 28, 30, DATE_ADD(NOW(), INTERVAL 10 DAY), '富含钙、蛋白质、维生素A', '儿童、青少年', '乳制品过敏者禁食', '口感醇厚，奶香浓郁', '/images/foods/69_进口车达奶酪片200gx2包.jpg', '进口车达奶酪，口感细腻，奶香浓郁，三明治必备。', 1, 0, NOW(), NOW()),
(70, 2, 2, '东北笨鸡蛋 20枚', 38, 19, 50, DATE_ADD(NOW(), INTERVAL 8 DAY), '高卵磷脂、DHA、叶黄素', '孕妇、儿童', '鸡蛋过敏者禁食', '蛋黄大而饱满，蛋香浓郁', '/images/foods/70_东北笨鸡蛋20枚.jpg', '东北林下散养土鸡所产，蛋黄占比大，色泽橙红，营养价值极高。', 1, 0, NOW(), NOW()),
(71, 3, 2, '鸡腿肉 500g', 26, 13, 40, DATE_ADD(NOW(), INTERVAL 3 DAY), '高蛋白，富含B族维生素', '所有人群', '无', '肉质细嫩，皮薄肉厚', '/images/foods/71_鸡腿肉500g.jpg', '新鲜鸡腿肉，去骨去皮，肉质细嫩，适合炒、烤、煮多种做法。', 1, 0, NOW(), NOW()),
(72, 1, 2, 'IFF黄油块 227g*2块', 68, 34, 25, DATE_ADD(NOW(), INTERVAL 20 DAY), '富含维生素A、不饱和脂肪酸', '烘焙爱好者', '乳制品过敏者禁食', '奶香浓郁，口感醇厚', '/images/foods/72_IFF黄油块227gx2块.jpg', 'IFF无盐黄油，烘焙专用，奶香浓郁，口感醇厚，煎炸炒皆宜。', 1, 0, NOW(), NOW()),

-- 休闲零食 (category_id=3)：新增15条
(73, 1, 3, '山姆Member''s Mark坚果礼盒 1130g', 158, 79, 30, DATE_ADD(NOW(), INTERVAL 60 DAY), '富含不饱和脂肪酸、维生素E、镁', '白领、健身人群', '坚果过敏者禁食', '果仁饱满，香脆可口', '/images/foods/73_山姆MembersMark坚果礼盒1130g.jpg', '混合坚果礼盒，包含腰果、碧根果、开心果等多种坚果，节日送礼佳品。', 1, 0, NOW(), NOW()),
(74, 2, 3, '白色恋人白巧克力夹心饼干 12枚', 68, 34, 25, DATE_ADD(NOW(), INTERVAL 25 DAY), '富含可可多酚、能量', '甜食爱好者', '可可、乳制品过敏者禁食', '奶香浓郁，入口即化', '/images/foods/74_白色恋人白巧克力夹心饼干12枚.jpg', '日本北海道特产，白巧克力夹心薄饼，奶香浓郁，入口即化，网红零食。', 1, 0, NOW(), NOW()),
(75, 3, 3, 'Lindt瑞士莲黑巧克力 100g*2块', 76, 38, 30, DATE_ADD(NOW(), INTERVAL 40 DAY), '富含可可多酚，抗氧化', '成人、健身人群', '可可过敏者禁食', '丝滑细腻，可可香浓', '/images/foods/75_Lindt瑞士莲黑巧克力100gx2块.jpg', 'Lindt瑞士莲黑巧克力，可可含量70%，丝滑细腻，醇香浓郁。', 1, 0, NOW(), NOW()),
(76, 1, 3, '乐事大礼包 528g（薯片组合）', 45, 22.5, 50, DATE_ADD(NOW(), INTERVAL 30 DAY), '碳水化合物，提供能量', '年轻人、学生', '无', '香脆可口，口味丰富', '/images/foods/76_乐事大礼包528g（薯片组合）.jpg', '乐事薯片组合大礼包，多种口味，香脆可口，追剧必备。', 1, 0, NOW(), NOW()),
(77, 2, 3, '卫龙大面筋 65g*10包', 38, 19, 70, DATE_ADD(NOW(), INTERVAL 35 DAY), '植物蛋白，碳水化合物', '喜辣人群、学生', '无', '甜辣劲道，嚼劲十足', '/images/foods/77_卫龙大面筋65gx10包.jpg', '卫龙经典大面筋，甜辣劲道，嚼劲十足，是辣条中的经典。', 1, 0, NOW(), NOW()),
(78, 3, 3, '溜溜梅话梅 100g*3袋', 28, 14, 60, DATE_ADD(NOW(), INTERVAL 40 DAY), '富含有机酸、维生素C', '喜酸人群', '无', '酸甜可口，生津止渴', '/images/foods/78_溜溜梅话梅100gx3袋.jpg', '精选优质青梅，酸甜可口，生津开胃，追剧聊天必备零食。', 1, 0, NOW(), NOW()),
(79, 1, 3, '波力海苔 12包', 36, 18, 55, DATE_ADD(NOW(), INTERVAL 45 DAY), '富含碘、钙、铁', '儿童、碘缺乏人群', '海鲜过敏者慎食', '鲜香薄脆，自然海味', '/images/foods/79_波力海苔12包.jpg', '波力海苔，独立小包装，鲜香薄脆，不添加人工香精。', 1, 0, NOW(), NOW()),
(80, 2, 3, '雀巢脆脆鲨 216g（12根）', 32, 16, 65, DATE_ADD(NOW(), INTERVAL 28 DAY), '富含可可、碳水化合物', '儿童、零食爱好者', '可可、乳制品过敏者禁食', '威化酥脆，巧克力香浓', '/images/foods/80_雀巢脆脆鲨216g（12根）.jpg', '雀巢脆脆鲨，威化层酥脆，巧克力涂层香浓，性价比高。', 1, 0, NOW(), NOW()),
(81, 3, 3, '稻香村枣花酥 180g（3块）', 22, 11, 50, DATE_ADD(NOW(), INTERVAL 20 DAY), '富含红枣多糖、天然铁', '女性、中老年', '小麦、鸡蛋过敏者禁食', '酥皮掉渣，枣香浓郁', '/images/foods/81_稻香村枣花酥180g（3块）.jpg', '北京稻香村枣花酥，传承百年工艺，酥皮掉渣，枣泥馅香甜可口。', 1, 0, NOW(), NOW()),
(82, 1, 3, '金丝猴麦丽素 128g', 18, 9, 70, DATE_ADD(NOW(), INTERVAL 30 DAY), '富含可可、牛奶', '儿童、怀旧人群', '可可、乳制品过敏者禁食', '外脆内软，奶香浓郁', '/images/foods/82_金丝猴麦丽素128g.jpg', '金丝猴麦丽素，经典国产零食，外裹巧克力，内含酥脆麦丽素，童年味道。', 1, 0, NOW(), NOW()),
(83, 2, 3, '好丽友蛋黄派 168g（6枚）', 22, 11, 75, DATE_ADD(NOW(), INTERVAL 35 DAY), '碳水化合物，提供能量', '儿童、学生', '鸡蛋、乳制品过敏者禁食', '松软香甜，蛋黄味浓', '/images/foods/83_好丽友蛋黄派168g（6枚）.jpg', '好丽友蛋黄派，松软海绵蛋糕包裹浓郁蛋黄酱，早餐代餐好选择。', 1, 0, NOW(), NOW()),
(84, 3, 3, '天喔煮瓜子 280g*2包', 26, 13, 60, DATE_ADD(NOW(), INTERVAL 32 DAY), '富含维生素E、不饱和脂肪酸', '聚会人群', '无', '颗粒饱满，香料入味', '/images/foods/84_天喔煮瓜子280gx2包.jpg', '天喔煮瓜子，五香口味，颗粒饱满，粒粒香脆，嗑到停不下来。', 1, 0, NOW(), NOW()),
(85, 1, 3, '蒙都牛肉干 200g', 68, 34, 30, DATE_ADD(NOW(), INTERVAL 50 DAY), '高蛋白，富含铁和B12', '户外人群、零食爱好者', '无', '肉香浓郁，越嚼越香', '/images/foods/85_蒙都牛肉干200g.jpg', '内蒙古蒙都牛肉干，手切风干，保留牛肉原始香味，越嚼越香。', 1, 0, NOW(), NOW()),
(86, 2, 3, '来伊份鸭胗 200g', 38, 19, 40, DATE_ADD(NOW(), INTERVAL 25 DAY), '高蛋白，富含铁', '下酒菜爱好者', '无', '嚼劲十足，香辣可口', '/images/foods/86_来伊份鸭胗200g.jpg', '来伊份香辣鸭胗，嚼劲十足，香辣开胃，下酒必备零食。', 1, 0, NOW(), NOW()),
(87, 3, 3, '周黑鸭锁鲜装 300g', 58, 29, 35, DATE_ADD(NOW(), INTERVAL 4 DAY), '高蛋白，微辣提神', '喜辣人群', '无', '麻辣鲜香，甜中带辣', '/images/foods/87_周黑鸭锁鲜装300g.jpg', '正宗周黑鸭锁鲜装，甜辣麻香，鸭肉入味，吃了还想吃。', 1, 0, NOW(), NOW()),

-- 粮油调味 (category_id=4)：新增10条
(88, 1, 4, '中粮福临门稻米油 5L', 88, 44, 25, DATE_ADD(NOW(), INTERVAL 90 DAY), '富含谷维素、植物甾醇', '注重健康人群', '无', '油质清亮，米香清淡', '/images/foods/88_中粮福临门稻米油5L.jpg', '中粮福临门稻米油，富含谷维素和植物甾醇，适合高温煎炸。', 1, 0, NOW(), NOW()),
(89, 2, 4, '千禾有机糙米 2.5kg', 58, 29, 30, DATE_ADD(NOW(), INTERVAL 120 DAY), '富含膳食纤维、B族维生素、镁', '减肥人群、三高人群', '无', '米粒饱满，口感Q弹', '/images/foods/89_千禾有机糙米2.5kg.jpg', '有机认证糙米，保留米糠层，营养更全面，适合减脂和控糖人群。', 1, 0, NOW(), NOW()),
(90, 3, 4, '海底捞麻辣香锅底料 200g*2包', 38, 19, 40, DATE_ADD(NOW(), INTERVAL 40 DAY), '含辣椒素、花椒，促进食欲', '喜辣人群', '无', '麻辣鲜香，层次丰富', '/images/foods/90_海底捞麻辣香锅底料200gx2包.jpg', '海底捞麻辣香锅底料，无需调味，切块加入食材翻炒即可，麻辣鲜香。', 1, 0, NOW(), NOW()),
(91, 1, 4, '恒顺香醋 500ml', 14.8, 7.4, 55, DATE_ADD(NOW(), INTERVAL 60 DAY), '含醋酸，促进消化', '烹饪人群', '无', '酸香柔和，色泽清亮', '/images/foods/91_恒顺香醋500ml.jpg', '镇江恒顺香醋，国家地理标志产品，酸香柔和，凉拌点蘸必备。', 1, 0, NOW(), NOW()),
(92, 2, 4, '老干妈风味豆豉油辣子 210g', 12.8, 6.4, 70, DATE_ADD(NOW(), INTERVAL 55 DAY), '含辣椒素、矿物质', '喜辣人群', '无', '香辣开胃，下饭神器', '/images/foods/92_老干妈风味豆豉油辣子210g.jpg', '老干妈风味豆豉油辣子，国民下饭神器，香辣开胃，拌饭拌面皆可。', 1, 0, NOW(), NOW()),
(93, 3, 4, '古船标准粉 5kg', 38, 19, 35, DATE_ADD(NOW(), INTERVAL 100 DAY), '富含碳水化合物和B族维生素', '所有人群', '无', '粉质细腻，筋道好', '/images/foods/93_古船标准粉5kg.jpg', '古船标准粉，适合做包子、饺子、面条，粉质细腻，筋度适中。', 1, 0, NOW(), NOW()),
(94, 1, 4, '多力葵花籽油 5L', 78, 39, 30, DATE_ADD(NOW(), INTERVAL 85 DAY), '富含维生素E、亚油酸', '所有人群', '无', '油质清亮，烟点高', '/images/foods/94_多力葵花籽油5L.jpg', '多力葵花籽油，物理压榨，油质清亮，富含维生素E，烟点高适合炒菜。', 1, 0, NOW(), NOW()),
(95, 2, 4, '东北黑木耳 150g', 28, 14, 45, DATE_ADD(NOW(), INTERVAL 50 DAY), '富含膳食纤维、铁、黑木耳多糖', '贫血人群、便秘人群', '无', '朵形完整，泡发率高', '/images/foods/95_东北黑木耳150g.jpg', '东北优质黑木耳，朵形完整，泡发率高，口感脆爽，营养丰富。', 1, 0, NOW(), NOW()),
(96, 3, 4, '紫菜干 40g*3包', 24, 12, 60, DATE_ADD(NOW(), INTERVAL 120 DAY), '富含碘、钙、铁、蛋白质', '儿童、碘缺乏人群', '海鲜过敏者慎食', '薄如蝉翼，泡发迅速', '/images/foods/96_紫菜干40gx3包.jpg', '精选条斑紫菜，薄如蝉翼，泡发迅速，可做紫菜蛋花汤或包饭。', 1, 0, NOW(), NOW()),
(97, 1, 4, '海底捞牛油火锅底料 150g*2包', 36, 18, 45, DATE_ADD(NOW(), INTERVAL 50 DAY), '含辣椒素、牛油，香气浓郁', '喜辣人群、聚会', '无', '麻辣鲜香，牛油醇厚', '/images/foods/97_海底捞牛油火锅底料150gx2包.jpg', '海底捞牛油火锅底料，麻辣鲜香，牛油香气浓郁，在家轻松涮火锅。', 1, 0, NOW(), NOW()),

-- 速食冷冻 (category_id=5)：新增15条
(98, 1, 5, '广州酒家利口福核桃包 360g（6个）', 28, 14, 40, DATE_ADD(NOW(), INTERVAL 6 DAY), '碳水化合物、核桃含不饱和脂肪酸', '早餐人群', '小麦、坚果过敏者禁食', '松软香甜，核桃碎多', '/images/foods/98_广州酒家利口福核桃包360g（6个）.jpg', '广州酒家核桃包，松软可口，核桃碎丰富，微波加热2分钟即食。', 1, 0, NOW(), NOW()),
(99, 2, 5, '日清蒲烧鳗鱼 120g*2条', 88, 44, 20, DATE_ADD(NOW(), INTERVAL 8 DAY), '富含蛋白质、DHA、EPA', '儿童、成人', '无', '鳗鱼肉嫩，酱汁浓郁', '/images/foods/99_日清蒲烧鳗鱼120gx2条.jpg', '日本日清蒲烧鳗鱼，微波加热5分钟即可，鳗鱼肉嫩，酱汁浓郁。', 1, 0, NOW(), NOW()),
(100, 3, 5, '必品阁王饺子 玉米猪肉 600g', 32, 16, 35, DATE_ADD(NOW(), INTERVAL 9 DAY), '高蛋白，馅料丰富', '快节奏人群', '小麦、猪肉过敏者禁食', '皮薄馅大，玉米香甜', '/images/foods/100_必品阁王饺子玉米猪肉600g.jpg', '韩国必品阁王饺子，玉米猪肉馅，皮薄馅大，蒸煮煎炸皆可。', 1, 0, NOW(), NOW()),
(101, 1, 5, '农心辛拉面 120g*5包', 35, 17.5, 60, DATE_ADD(NOW(), INTERVAL 25 DAY), '碳水化合物，提供能量', '年轻人、学生', '小麦过敏者禁食', '汤鲜面劲，辣得过瘾', '/images/foods/101_农心辛拉面120gx5包.jpg', '韩国农心辛拉面，面条劲道有嚼劲，辣白菜汤底正宗，3分钟即食。', 1, 0, NOW(), NOW()),
(102, 2, 5, '海底捞自热米饭 宫保鸡丁 300g', 28, 14, 50, DATE_ADD(NOW(), INTERVAL 12 DAY), '提供蛋白质和碳水化合物', '户外人群、懒人', '无', '米饭香软，菜香浓郁', '/images/foods/102_海底捞自热米饭宫保鸡丁300g.jpg', '海底捞自热米饭，无需火电，15分钟即享宫保鸡丁配米饭，方便快捷。', 1, 0, NOW(), NOW()),
(103, 3, 5, '缸鸭狗速冻宁波汤圆 400g（24个）', 22, 11, 40, DATE_ADD(NOW(), INTERVAL 7 DAY), '富含黑芝麻、油脂、碳水化合物', '所有人群', '糯米、乳制品过敏者禁食', '皮薄馅多，黑芝麻香浓', '/images/foods/103_缸鸭狗速冻宁波汤圆400g（24个）.jpg', '缸鸭狗宁波汤圆，百年老字号，皮薄馅多，黑芝麻馅香浓可口。', 1, 0, NOW(), NOW()),
(104, 1, 5, '安井奶黄包 240g（6个）', 18.8, 9.4, 55, DATE_ADD(NOW(), INTERVAL 5 DAY), '富含鸡蛋黄、碳水化合物', '儿童、早餐人群', '小麦、鸡蛋过敏者禁食', '奶黄香甜，松软可口', '/images/foods/104_安井奶黄包240g（6个）.jpg', '安井奶黄包，微波加热90秒即可，奶黄香甜，早餐好选择。', 1, 0, NOW(), NOW()),
(105, 2, 5, '大希地披萨底胚 4片装', 32, 16, 35, DATE_ADD(NOW(), INTERVAL 15 DAY), '碳水化合物主要来源', '烘焙爱好者', '小麦、乳制品过敏者禁食', '饼底松软，规格标准', '/images/foods/105_大希地披萨底胚4片装.jpg', '大希地披萨底胚，无需揉面，自备食材即可，烤箱/空气炸锅15分钟即成。', 1, 0, NOW(), NOW()),
(106, 3, 5, '三全卡通包 260g（12个）', 22, 11, 45, DATE_ADD(NOW(), INTERVAL 6 DAY), '富含碳水化合物和蛋白质', '儿童、早餐人群', '小麦过敏者禁食', '造型可爱，松软可口', '/images/foods/106_三全卡通包260g（12个）.jpg', '三全卡通包，小猪、兔子等可爱造型，孩子超喜欢，微波加热即食。', 1, 0, NOW(), NOW()),
(107, 1, 5, '日清意面酱 190g*3包组合', 45, 22.5, 30, DATE_ADD(NOW(), INTERVAL 35 DAY), '含番茄、橄榄油、香草', '西餐爱好者', '无', '番茄酸甜，香草芬芳', '/images/foods/107_日清意面酱190gx3包组合.jpg', '日清意面酱组合，含番茄肉酱、白酱、青酱，简单煮面拌酱即可。', 1, 0, NOW(), NOW()),
(108, 2, 5, '眉州东坡卤香牛肉 200g', 48, 24, 30, DATE_ADD(NOW(), INTERVAL 5 DAY), '高蛋白，卤香浓郁', '下酒菜爱好者', '无', '牛肉软烂，卤香入味', '/images/foods/108_眉州东坡卤香牛肉200g.jpg', '眉州东坡卤香牛肉，开袋即食，牛肉软烂入味，下酒佐餐两相宜。', 1, 0, NOW(), NOW()),
(109, 3, 5, '必品阁泡菜煎饼预拌粉 400g', 26, 13, 40, DATE_ADD(NOW(), INTERVAL 20 DAY), '含泡菜、膳食纤维', '韩餐爱好者', '无', '酸辣可口，外酥里嫩', '/images/foods/109_必品阁泡菜煎饼预拌粉400g.jpg', '韩国必品阁泡菜煎饼预拌粉，加水调匀煎制即可，酸辣可口。', 1, 0, NOW(), NOW()),
(110, 1, 5, '湾仔码头上素小云吞 480g', 32, 16, 35, DATE_ADD(NOW(), INTERVAL 8 DAY), '素馅低碳水，富含膳食纤维', '素食人群、减脂人群', '小麦过敏者禁食', '皮薄馅素，清淡可口', '/images/foods/110_湾仔码头上素小云吞480g.jpg', '湾仔码头上素小云吞，菌菇蔬菜馅，皮薄馅素，清淡健康，开袋即烹。', 1, 0, NOW(), NOW()),
(111, 2, 5, '白家陈记酸辣粉 262g*3桶', 32, 16, 55, DATE_ADD(NOW(), INTERVAL 22 DAY), '碳水化合物、酸辣开胃', '喜辣人群、学生', '无', '酸辣过瘾，粉丝爽滑', '/images/foods/111_白家陈记酸辣粉262gx3桶.jpg', '白家陈记酸辣粉，酸辣过瘾，粉条爽滑，开水冲泡5分钟即食。', 1, 0, NOW(), NOW()),
(112, 3, 5, '海底捞番茄火锅底料 200g*2包', 36, 18, 40, DATE_ADD(NOW(), INTERVAL 30 DAY), '富含番茄红素、维生素C', '儿童、不耐辣人群', '无', '酸甜浓郁，番茄味足', '/images/foods/112_海底捞番茄火锅底料200gx2包.jpg', '海底捞番茄火锅底料，选用新疆番茄，酸甜浓郁，适合儿童和不耐辣人群。', 1, 0, NOW(), NOW()),

-- 酒水饮料 (category_id=6)：新增15条
(113, 1, 6, '元气森林无糖气泡水 480ml*6瓶', 42, 21, 70, DATE_ADD(NOW(), INTERVAL 40 DAY), '0糖0卡，富含气泡', '减肥人群、年轻人', '无', '气泡充足，清爽解腻', '/images/foods/113_元气森林无糖气泡水480mlx6瓶.jpg', '元气森林白桃味无糖气泡水，0糖0卡0脂肪，气泡充足，清爽解腻。', 1, 0, NOW(), NOW()),
(114, 2, 6, '农夫山泉17.5° NFC橙汁 300ml*4瓶', 56, 28, 45, DATE_ADD(NOW(), INTERVAL 5 DAY), '100%纯果汁，富含维生素C', '儿童、上班族', '无', '橙香浓郁，酸甜可口', '/images/foods/114_农夫山泉17.5°NFC橙汁300mlx4瓶.jpg', '农夫山泉NFC非浓缩还原橙汁，100%鲜榨，保留更多维生素C。', 1, 0, NOW(), NOW()),
(115, 3, 6, '雀巢咖啡醇香拿铁 268ml*6瓶', 48, 24, 55, DATE_ADD(NOW(), INTERVAL 35 DAY), '含咖啡因，提神醒脑', '上班族、学生', '无', '咖啡香浓，奶味顺滑', '/images/foods/115_雀巢咖啡醇香拿铁268mlx6瓶.jpg', '雀巢咖啡醇香拿铁，咖啡与牛奶的完美结合，提神醒脑，口感顺滑。', 1, 0, NOW(), NOW()),
(116, 1, 6, '农夫山泉东方树叶茉莉花茶 500ml*6瓶', 42, 21, 60, DATE_ADD(NOW(), INTERVAL 45 DAY), '0糖0卡，含茶多酚', '注重健康人群', '无', '茉莉花香，清爽回甘', '/images/foods/116_农夫山泉东方树叶茉莉花茶500mlx6瓶.jpg', '农夫山泉东方树叶茉莉花茶，0糖0卡，茉莉花香浓郁，清爽解渴。', 1, 0, NOW(), NOW()),
(117, 2, 6, '伊利安慕希希腊风味酸奶 205g*12盒', 72, 36, 50, DATE_ADD(NOW(), INTERVAL 7 DAY), '富含蛋白质、益生菌、钙', '所有人群', '乳制品过敏者禁食', '浓稠顺滑，酸甜适中', '/images/foods/117_伊利安慕希希腊风味酸奶205gx12盒.jpg', '安慕希希腊风味酸奶，浓稠顺滑，蛋白质含量高，每100g含蛋白质3.1g。', 1, 0, NOW(), NOW()),
(118, 3, 6, '巴黎水气泡水 330ml*6瓶', 58, 29, 45, DATE_ADD(NOW(), INTERVAL 90 DAY), '天然碳酸气泡，含矿物质', '注重品质人群', '无', '气泡细腻，口感清冽', '/images/foods/118_巴黎水气泡水330mlx6瓶.jpg', '法国巴黎水Perrier，天然碳酸气泡，气泡细腻，口感清冽，聚会必备。', 1, 0, NOW(), NOW()),
(119, 1, 6, '百岁山矿泉水 570ml*24瓶', 48, 24, 80, DATE_ADD(NOW(), INTERVAL 180 DAY), '天然矿泉水，含偏硅酸', '所有人群', '无', '清冽甘甜，口感柔和', '/images/foods/119_百岁山矿泉水570mlx24瓶.jpg', '百岁山天然矿泉水，水源来自罗浮山脉，天然弱碱性，口感清冽甘甜。', 1, 0, NOW(), NOW()),
(120, 2, 6, '王老吉凉茶 310ml*12罐', 36, 18, 65, DATE_ADD(NOW(), INTERVAL 50 DAY), '含草本植物提取物', '上火人群、熬夜人群', '无', '甘甜清凉，草本清香', '/images/foods/120_王老吉凉茶310mlx12罐.jpg', '王老吉凉茶，传承百年配方，怕上火喝王老吉，甘甜清凉又好喝。', 1, 0, NOW(), NOW()),
(121, 3, 6, '乌龙茶饮料 500ml*6瓶', 38, 19, 55, DATE_ADD(NOW(), INTERVAL 40 DAY), '含茶多酚、咖啡因', '上班族、减肥人群', '无', '茶香浓郁，回甘悠长', '/images/foods/121_乌龙茶饮料500mlx6瓶.jpg', '三得利乌龙茶，0糖配方，茶香浓郁解腻，适合搭配油腻食物。', 1, 0, NOW(), NOW()),
(122, 1, 6, '莫里斯蒂莫特椰子水 330ml*6瓶', 68, 34, 35, DATE_ADD(NOW(), INTERVAL 20 DAY), '富含电解质、钾', '运动人群、补水需求者', '无', '清甜可口，天然椰香', '/images/foods/122_莫里斯蒂莫特椰子水330mlx6瓶.jpg', '泰国进口椰子水，100%纯天然，富含钾和电解质，运动后补水首选。', 1, 0, NOW(), NOW()),
(123, 2, 6, '旺仔牛奶 125ml*24盒', 58, 29, 60, DATE_ADD(NOW(), INTERVAL 60 DAY), '富含蛋白质和钙', '儿童、怀旧人群', '乳制品过敏者禁食', '奶香浓郁，甜而不腻', '/images/foods/123_旺仔牛奶125mlx24盒.jpg', '旺仔牛奶，童年经典味道，奶香浓郁甜而不腻，小朋友的最爱。', 1, 0, NOW(), NOW()),
(124, 3, 6, '福佳白啤酒 330ml*6瓶', 68, 34, 40, DATE_ADD(NOW(), INTERVAL 30 DAY), '含麦芽糖、少量酒精', '成年人、啤酒爱好者', '麸质过敏者禁食', '果香馥郁，小麦风味', '/images/foods/124_福佳白啤酒330mlx6瓶.jpg', '比利时福佳白啤酒，小麦啤酒经典，果香馥郁，适合搭配海鲜。', 1, 0, NOW(), NOW()),
(125, 1, 6, '三顿半精品速溶咖啡 8颗装', 88, 44, 25, DATE_ADD(NOW(), INTERVAL 60 DAY), '含咖啡因，提神醒脑', '咖啡爱好者、上班族', '无', '风味纯正，酸度适中', '/images/foods/125_三顿半精品速溶咖啡8颗装.jpg', '三顿半精品速溶咖啡，冷热水即溶，风味纯正，咖啡香气浓郁。', 1, 0, NOW(), NOW()),
(126, 2, 6, '喜茶轻感多肉葡萄气泡水 480ml*4瓶', 52, 26, 45, DATE_ADD(NOW(), INTERVAL 30 DAY), '0糖0卡，富含气泡和葡萄汁', '年轻人、注重健康人群', '无', '葡萄果香，气泡充足', '/images/foods/126_喜茶轻感多肉葡萄气泡水480mlx4瓶.jpg', '喜茶轻感多肉葡萄气泡水，0糖0卡，葡萄果香浓郁，气泡充足。', 1, 0, NOW(), NOW()),
(127, 3, 6, '五粮液52度浓香型 100ml', 168, 84, 15, DATE_ADD(NOW(), INTERVAL 365 DAY), '富含酯类物质，提供能量', '成年饮酒人群', '无', '窖香浓郁，绵柔甘冽', '/images/foods/127_五粮液52度浓香型100ml.jpg', '五粮液52度浓香型白酒，窖香浓郁，绵柔甘冽，节日送礼首选。', 1, 0, NOW(), NOW());


-- ==================== 标签关联（新增食品） ====================
INSERT INTO food_tag_relation (food_id, tag_id) VALUES
(43, 1), (43, 14), (43, 24), (44, 3), (44, 5), (45, 6), (45, 10), (46, 10), (46, 27), (46, 20),
(47, 10), (47, 14), (48, 10), (48, 6), (49, 10), (49, 27), (49, 14), (50, 10), (50, 22), (51, 5), (51, 19),
(52, 1), (52, 14), (53, 16), (53, 14), (53, 27), (54, 10), (54, 22), (55, 10), (55, 20), (55, 27),
(56, 1), (56, 14), (57, 16), (57, 10), (58, 9), (59, 9), (59, 15), (60, 9), (60, 21), (60, 22),
(61, 13), (61, 9), (61, 22), (62, 9), (62, 20), (62, 19), (63, 9), (64, 17), (64, 13), (65, 4),
(66, 13), (66, 9), (66, 22), (67, 8), (68, 9), (68, 21), (68, 23), (69, 13), (69, 9), (69, 21),
(70, 9), (70, 15), (70, 21), (71, 9), (71, 19), (72, 18), (72, 7), (73, 18), (73, 24), (73, 19),
(74, 1), (74, 7), (75, 18), (75, 24), (76, 8), (76, 25), (77, 4), (77, 24), (78, 2), (78, 28),
(79, 13), (79, 15), (79, 21), (80, 1), (80, 7), (80, 21), (81, 1), (81, 22), (82, 1), (82, 7), (82, 25),
(83, 1), (83, 21), (84, 18), (84, 24), (85, 9), (85, 15), (86, 9), (86, 4), (87, 9), (87, 4), (87, 24),
(88, 18), (88, 14), (89, 10), (89, 27), (89, 26), (90, 4), (90, 24), (91, 6), (91, 5), (92, 4), (92, 24),
(93, 6), (94, 18), (94, 14), (95, 10), (95, 15), (95, 22), (96, 13), (96, 15), (96, 21), (97, 4), (97, 24),
(98, 9), (98, 24), (98, 18), (99, 9), (99, 24), (100, 9), (100, 24), (101, 4), (101, 25), (101, 24),
(102, 9), (102, 24), (103, 6), (103, 21), (104, 9), (104, 21), (104, 24), (105, 6), (106, 9), (106, 21), (106, 24),
(107, 6), (108, 9), (108, 24), (109, 6), (109, 24), (110, 9), (110, 27), (110, 20), (111, 4), (111, 25), (111, 24),
(112, 14), (112, 6), (112, 21), (113, 12), (113, 27), (114, 14), (114, 1), (114, 21), (115, 28), (115, 24),
(116, 6), (116, 12), (117, 17), (117, 13), (117, 9), (118, 6), (119, 6), (120, 6), (120, 28), (121, 6), (121, 27),
(122, 10), (122, 19), (123, 9), (123, 21), (123, 13), (124, 24), (125, 28), (125, 24), (126, 12), (126, 1), (127, 24);


-- ==================== 用户行为记录（推荐系统核心数据） ====================
INSERT INTO user_behavior (user_id, target_type, target_id, behavior_type, weight_score, create_time) VALUES
-- 用户2（testuser）,
(2, 'food', 1, 'favorite', 4.0, DATE_SUB(NOW(), INTERVAL 1 DAY)),
(2, 'food', 1, 'purchase', 5.0, DATE_SUB(NOW(), INTERVAL 1 DAY)),
(2, 'food', 2, 'view', 1.0, DATE_SUB(NOW(), INTERVAL 2 DAY)),
(2, 'food', 3, 'view', 1.0, DATE_SUB(NOW(), INTERVAL 3 DAY)),
(2, 'food', 4, 'favorite', 4.0, DATE_SUB(NOW(), INTERVAL 4 DAY)),
(2, 'food', 6, 'view', 1.0, DATE_SUB(NOW(), INTERVAL 5 DAY)),
(2, 'food', 6, 'purchase', 5.0, DATE_SUB(NOW(), INTERVAL 5 DAY)),
(2, 'food', 8, 'view', 1.0, DATE_SUB(NOW(), INTERVAL 6 DAY)),
(2, 'food', 9, 'favorite', 4.0, DATE_SUB(NOW(), INTERVAL 7 DAY)),
(2, 'food', 11, 'view', 1.0, DATE_SUB(NOW(), INTERVAL 8 DAY)),
(2, 'food', 14, 'view', 1.0, DATE_SUB(NOW(), INTERVAL 9 DAY)),
(2, 'food', 14, 'purchase', 5.0, DATE_SUB(NOW(), INTERVAL 9 DAY)),
(2, 'food', 17, 'favorite', 4.0, DATE_SUB(NOW(), INTERVAL 10 DAY)),
(2, 'food', 36, 'view', 1.0, DATE_SUB(NOW(), INTERVAL 11 DAY)),
(2, 'food', 38, 'view', 1.0, DATE_SUB(NOW(), INTERVAL 12 DAY)),
(2, 'food', 43, 'favorite', 4.0, DATE_SUB(NOW(), INTERVAL 13 DAY)),
(2, 'food', 43, 'purchase', 5.0, DATE_SUB(NOW(), INTERVAL 13 DAY)),
(2, 'food', 49, 'view', 1.0, DATE_SUB(NOW(), INTERVAL 14 DAY)),
(2, 'food', 58, 'view', 1.0, DATE_SUB(NOW(), INTERVAL 15 DAY)),
(2, 'food', 62, 'favorite', 4.0, DATE_SUB(NOW(), INTERVAL 16 DAY)),
(2, 'food', 70, 'view', 1.0, DATE_SUB(NOW(), INTERVAL 17 DAY)),
(2, 'food', 70, 'purchase', 5.0, DATE_SUB(NOW(), INTERVAL 17 DAY)),
(2, 'food', 89, 'view', 1.0, DATE_SUB(NOW(), INTERVAL 18 DAY)),
(2, 'food', 98, 'favorite', 4.0, DATE_SUB(NOW(), INTERVAL 19 DAY)),
(2, 'food', 104, 'view', 1.0, DATE_SUB(NOW(), INTERVAL 20 DAY)),
(2, 'food', 113, 'view', 1.0, DATE_SUB(NOW(), INTERVAL 21 DAY)),
(2, 'food', 113, 'purchase', 5.0, DATE_SUB(NOW(), INTERVAL 21 DAY)),
(2, 'food', 116, 'favorite', 4.0, DATE_SUB(NOW(), INTERVAL 22 DAY)),
(100, 'food', 1, 'view', 1.0, DATE_SUB(NOW(), INTERVAL 1 DAY)),
(100, 'food', 1, 'favorite', 4.0, DATE_SUB(NOW(), INTERVAL 1 DAY)),
(100, 'food', 1, 'purchase', 5.0, DATE_SUB(NOW(), INTERVAL 1 DAY)),
(100, 'food', 7, 'view', 1.0, DATE_SUB(NOW(), INTERVAL 2 DAY)),
(100, 'food', 17, 'view', 1.0, DATE_SUB(NOW(), INTERVAL 3 DAY)),
(100, 'food', 18, 'view', 1.0, DATE_SUB(NOW(), INTERVAL 4 DAY)),
(100, 'food', 19, 'view', 1.0, DATE_SUB(NOW(), INTERVAL 5 DAY)),
(100, 'food', 19, 'favorite', 4.0, DATE_SUB(NOW(), INTERVAL 5 DAY)),
(100, 'food', 20, 'view', 1.0, DATE_SUB(NOW(), INTERVAL 6 DAY)),
(100, 'food', 20, 'purchase', 5.0, DATE_SUB(NOW(), INTERVAL 6 DAY)),
(100, 'food', 21, 'view', 1.0, DATE_SUB(NOW(), INTERVAL 7 DAY)),
(100, 'food', 22, 'view', 1.0, DATE_SUB(NOW(), INTERVAL 8 DAY)),
(100, 'food', 23, 'view', 1.0, DATE_SUB(NOW(), INTERVAL 9 DAY)),
(100, 'food', 23, 'favorite', 4.0, DATE_SUB(NOW(), INTERVAL 9 DAY)),
(100, 'food', 39, 'view', 1.0, DATE_SUB(NOW(), INTERVAL 10 DAY)),
(100, 'food', 73, 'view', 1.0, DATE_SUB(NOW(), INTERVAL 11 DAY)),
(100, 'food', 73, 'purchase', 5.0, DATE_SUB(NOW(), INTERVAL 11 DAY)),
(100, 'food', 74, 'view', 1.0, DATE_SUB(NOW(), INTERVAL 12 DAY)),
(100, 'food', 75, 'view', 1.0, DATE_SUB(NOW(), INTERVAL 13 DAY)),
(100, 'food', 75, 'favorite', 4.0, DATE_SUB(NOW(), INTERVAL 13 DAY)),
(100, 'food', 76, 'view', 1.0, DATE_SUB(NOW(), INTERVAL 14 DAY)),
(100, 'food', 77, 'view', 1.0, DATE_SUB(NOW(), INTERVAL 15 DAY)),
(100, 'food', 78, 'view', 1.0, DATE_SUB(NOW(), INTERVAL 16 DAY)),
(100, 'food', 78, 'purchase', 5.0, DATE_SUB(NOW(), INTERVAL 16 DAY)),
(100, 'food', 80, 'view', 1.0, DATE_SUB(NOW(), INTERVAL 17 DAY)),
(100, 'food', 80, 'favorite', 4.0, DATE_SUB(NOW(), INTERVAL 17 DAY)),
(100, 'food', 82, 'view', 1.0, DATE_SUB(NOW(), INTERVAL 18 DAY)),
(100, 'food', 83, 'view', 1.0, DATE_SUB(NOW(), INTERVAL 19 DAY)),
(100, 'food', 85, 'view', 1.0, DATE_SUB(NOW(), INTERVAL 20 DAY)),
(100, 'food', 87, 'view', 1.0, DATE_SUB(NOW(), INTERVAL 21 DAY)),
(100, 'food', 87, 'favorite', 4.0, DATE_SUB(NOW(), INTERVAL 21 DAY)),
(100, 'food', 87, 'purchase', 5.0, DATE_SUB(NOW(), INTERVAL 21 DAY)),
(100, 'food', 123, 'view', 1.0, DATE_SUB(NOW(), INTERVAL 22 DAY)),
(100, 'food', 126, 'view', 1.0, DATE_SUB(NOW(), INTERVAL 23 DAY)),
(101, 'food', 5, 'view', 1.0, DATE_SUB(NOW(), INTERVAL 1 DAY)),
(101, 'food', 5, 'favorite', 4.0, DATE_SUB(NOW(), INTERVAL 1 DAY)),
(101, 'food', 5, 'purchase', 5.0, DATE_SUB(NOW(), INTERVAL 1 DAY)),
(101, 'food', 24, 'view', 1.0, DATE_SUB(NOW(), INTERVAL 2 DAY)),
(101, 'food', 25, 'view', 1.0, DATE_SUB(NOW(), INTERVAL 3 DAY)),
(101, 'food', 26, 'view', 1.0, DATE_SUB(NOW(), INTERVAL 4 DAY)),
(101, 'food', 28, 'view', 1.0, DATE_SUB(NOW(), INTERVAL 5 DAY)),
(101, 'food', 28, 'favorite', 4.0, DATE_SUB(NOW(), INTERVAL 5 DAY)),
(101, 'food', 29, 'view', 1.0, DATE_SUB(NOW(), INTERVAL 6 DAY)),
(101, 'food', 29, 'purchase', 5.0, DATE_SUB(NOW(), INTERVAL 6 DAY)),
(101, 'food', 30, 'view', 1.0, DATE_SUB(NOW(), INTERVAL 7 DAY)),
(101, 'food', 31, 'view', 1.0, DATE_SUB(NOW(), INTERVAL 8 DAY)),
(101, 'food', 33, 'view', 1.0, DATE_SUB(NOW(), INTERVAL 9 DAY)),
(101, 'food', 33, 'favorite', 4.0, DATE_SUB(NOW(), INTERVAL 9 DAY)),
(101, 'food', 34, 'view', 1.0, DATE_SUB(NOW(), INTERVAL 10 DAY)),
(101, 'food', 35, 'view', 1.0, DATE_SUB(NOW(), INTERVAL 11 DAY)),
(101, 'food', 35, 'purchase', 5.0, DATE_SUB(NOW(), INTERVAL 11 DAY)),
(101, 'food', 60, 'view', 1.0, DATE_SUB(NOW(), INTERVAL 12 DAY)),
(101, 'food', 61, 'view', 1.0, DATE_SUB(NOW(), INTERVAL 13 DAY)),
(101, 'food', 61, 'favorite', 4.0, DATE_SUB(NOW(), INTERVAL 13 DAY)),
(101, 'food', 63, 'view', 1.0, DATE_SUB(NOW(), INTERVAL 14 DAY)),
(101, 'food', 64, 'view', 1.0, DATE_SUB(NOW(), INTERVAL 15 DAY)),
(101, 'food', 65, 'view', 1.0, DATE_SUB(NOW(), INTERVAL 16 DAY)),
(101, 'food', 65, 'purchase', 5.0, DATE_SUB(NOW(), INTERVAL 16 DAY)),
(101, 'food', 88, 'view', 1.0, DATE_SUB(NOW(), INTERVAL 17 DAY)),
(101, 'food', 88, 'favorite', 4.0, DATE_SUB(NOW(), INTERVAL 17 DAY)),
(101, 'food', 91, 'view', 1.0, DATE_SUB(NOW(), INTERVAL 18 DAY)),
(101, 'food', 93, 'view', 1.0, DATE_SUB(NOW(), INTERVAL 19 DAY)),
(101, 'food', 94, 'view', 1.0, DATE_SUB(NOW(), INTERVAL 20 DAY)),
(101, 'food', 97, 'view', 1.0, DATE_SUB(NOW(), INTERVAL 21 DAY)),
(101, 'food', 97, 'favorite', 4.0, DATE_SUB(NOW(), INTERVAL 21 DAY)),
(101, 'food', 97, 'purchase', 5.0, DATE_SUB(NOW(), INTERVAL 21 DAY)),
(101, 'food', 100, 'view', 1.0, DATE_SUB(NOW(), INTERVAL 22 DAY)),
(101, 'food', 106, 'view', 1.0, DATE_SUB(NOW(), INTERVAL 23 DAY)),
(101, 'food', 109, 'view', 1.0, DATE_SUB(NOW(), INTERVAL 24 DAY)),
(101, 'food', 112, 'view', 1.0, DATE_SUB(NOW(), INTERVAL 25 DAY)),
(101, 'food', 112, 'favorite', 4.0, DATE_SUB(NOW(), INTERVAL 25 DAY)),
(102, 'food', 1, 'view', 1.0, DATE_SUB(NOW(), INTERVAL 1 DAY)),
(102, 'food', 1, 'favorite', 4.0, DATE_SUB(NOW(), INTERVAL 1 DAY)),
(102, 'food', 1, 'purchase', 5.0, DATE_SUB(NOW(), INTERVAL 1 DAY)),
(102, 'food', 2, 'view', 1.0, DATE_SUB(NOW(), INTERVAL 2 DAY)),
(102, 'food', 11, 'view', 1.0, DATE_SUB(NOW(), INTERVAL 3 DAY)),
(102, 'food', 14, 'view', 1.0, DATE_SUB(NOW(), INTERVAL 4 DAY)),
(102, 'food', 36, 'view', 1.0, DATE_SUB(NOW(), INTERVAL 5 DAY)),
(102, 'food', 36, 'favorite', 4.0, DATE_SUB(NOW(), INTERVAL 5 DAY)),
(102, 'food', 43, 'view', 1.0, DATE_SUB(NOW(), INTERVAL 6 DAY)),
(102, 'food', 43, 'purchase', 5.0, DATE_SUB(NOW(), INTERVAL 6 DAY)),
(102, 'food', 49, 'view', 1.0, DATE_SUB(NOW(), INTERVAL 7 DAY)),
(102, 'food', 53, 'view', 1.0, DATE_SUB(NOW(), INTERVAL 8 DAY)),
(102, 'food', 55, 'view', 1.0, DATE_SUB(NOW(), INTERVAL 9 DAY)),
(102, 'food', 55, 'favorite', 4.0, DATE_SUB(NOW(), INTERVAL 9 DAY)),
(102, 'food', 58, 'view', 1.0, DATE_SUB(NOW(), INTERVAL 10 DAY)),
(102, 'food', 62, 'view', 1.0, DATE_SUB(NOW(), INTERVAL 11 DAY)),
(102, 'food', 62, 'purchase', 5.0, DATE_SUB(NOW(), INTERVAL 11 DAY)),
(102, 'food', 71, 'view', 1.0, DATE_SUB(NOW(), INTERVAL 12 DAY)),
(102, 'food', 89, 'view', 1.0, DATE_SUB(NOW(), INTERVAL 13 DAY)),
(102, 'food', 89, 'favorite', 4.0, DATE_SUB(NOW(), INTERVAL 13 DAY)),
(102, 'food', 98, 'view', 1.0, DATE_SUB(NOW(), INTERVAL 14 DAY)),
(102, 'food', 117, 'view', 1.0, DATE_SUB(NOW(), INTERVAL 15 DAY)),
(102, 'food', 122, 'view', 1.0, DATE_SUB(NOW(), INTERVAL 16 DAY)),
(102, 'food', 122, 'purchase', 5.0, DATE_SUB(NOW(), INTERVAL 16 DAY)),
(103, 'food', 18, 'view', 1.0, DATE_SUB(NOW(), INTERVAL 1 DAY)),
(103, 'food', 18, 'favorite', 4.0, DATE_SUB(NOW(), INTERVAL 1 DAY)),
(103, 'food', 18, 'purchase', 5.0, DATE_SUB(NOW(), INTERVAL 1 DAY)),
(103, 'food', 22, 'view', 1.0, DATE_SUB(NOW(), INTERVAL 2 DAY)),
(103, 'food', 30, 'view', 1.0, DATE_SUB(NOW(), INTERVAL 3 DAY)),
(103, 'food', 32, 'view', 1.0, DATE_SUB(NOW(), INTERVAL 4 DAY)),
(103, 'food', 33, 'view', 1.0, DATE_SUB(NOW(), INTERVAL 5 DAY)),
(103, 'food', 33, 'favorite', 4.0, DATE_SUB(NOW(), INTERVAL 5 DAY)),
(103, 'food', 34, 'view', 1.0, DATE_SUB(NOW(), INTERVAL 6 DAY)),
(103, 'food', 34, 'purchase', 5.0, DATE_SUB(NOW(), INTERVAL 6 DAY)),
(103, 'food', 39, 'view', 1.0, DATE_SUB(NOW(), INTERVAL 7 DAY)),
(103, 'food', 40, 'view', 1.0, DATE_SUB(NOW(), INTERVAL 8 DAY)),
(103, 'food', 41, 'view', 1.0, DATE_SUB(NOW(), INTERVAL 9 DAY)),
(103, 'food', 41, 'favorite', 4.0, DATE_SUB(NOW(), INTERVAL 9 DAY)),
(103, 'food', 77, 'view', 1.0, DATE_SUB(NOW(), INTERVAL 10 DAY)),
(103, 'food', 86, 'view', 1.0, DATE_SUB(NOW(), INTERVAL 11 DAY)),
(103, 'food', 86, 'purchase', 5.0, DATE_SUB(NOW(), INTERVAL 11 DAY)),
(103, 'food', 87, 'view', 1.0, DATE_SUB(NOW(), INTERVAL 12 DAY)),
(103, 'food', 101, 'view', 1.0, DATE_SUB(NOW(), INTERVAL 13 DAY)),
(103, 'food', 101, 'favorite', 4.0, DATE_SUB(NOW(), INTERVAL 13 DAY)),
(103, 'food', 111, 'view', 1.0, DATE_SUB(NOW(), INTERVAL 14 DAY)),
(103, 'food', 115, 'view', 1.0, DATE_SUB(NOW(), INTERVAL 15 DAY)),
(103, 'food', 125, 'view', 1.0, DATE_SUB(NOW(), INTERVAL 16 DAY)),
(103, 'food', 125, 'purchase', 5.0, DATE_SUB(NOW(), INTERVAL 16 DAY)),
(104, 'food', 5, 'view', 1.0, DATE_SUB(NOW(), INTERVAL 1 DAY)),
(104, 'food', 5, 'favorite', 4.0, DATE_SUB(NOW(), INTERVAL 1 DAY)),
(104, 'food', 5, 'purchase', 5.0, DATE_SUB(NOW(), INTERVAL 1 DAY)),
(104, 'food', 6, 'view', 1.0, DATE_SUB(NOW(), INTERVAL 2 DAY)),
(104, 'food', 10, 'view', 1.0, DATE_SUB(NOW(), INTERVAL 3 DAY)),
(104, 'food', 12, 'view', 1.0, DATE_SUB(NOW(), INTERVAL 4 DAY)),
(104, 'food', 16, 'view', 1.0, DATE_SUB(NOW(), INTERVAL 5 DAY)),
(104, 'food', 16, 'favorite', 4.0, DATE_SUB(NOW(), INTERVAL 5 DAY)),
(104, 'food', 22, 'view', 1.0, DATE_SUB(NOW(), INTERVAL 6 DAY)),
(104, 'food', 22, 'purchase', 5.0, DATE_SUB(NOW(), INTERVAL 6 DAY)),
(104, 'food', 31, 'view', 1.0, DATE_SUB(NOW(), INTERVAL 7 DAY)),
(104, 'food', 38, 'view', 1.0, DATE_SUB(NOW(), INTERVAL 8 DAY)),
(104, 'food', 61, 'view', 1.0, DATE_SUB(NOW(), INTERVAL 9 DAY)),
(104, 'food', 61, 'favorite', 4.0, DATE_SUB(NOW(), INTERVAL 9 DAY)),
(104, 'food', 68, 'view', 1.0, DATE_SUB(NOW(), INTERVAL 10 DAY)),
(104, 'food', 69, 'view', 1.0, DATE_SUB(NOW(), INTERVAL 11 DAY)),
(104, 'food', 69, 'purchase', 5.0, DATE_SUB(NOW(), INTERVAL 11 DAY)),
(104, 'food', 70, 'view', 1.0, DATE_SUB(NOW(), INTERVAL 12 DAY)),
(104, 'food', 100, 'view', 1.0, DATE_SUB(NOW(), INTERVAL 13 DAY)),
(104, 'food', 100, 'favorite', 4.0, DATE_SUB(NOW(), INTERVAL 13 DAY)),
(104, 'food', 104, 'view', 1.0, DATE_SUB(NOW(), INTERVAL 14 DAY)),
(104, 'food', 114, 'view', 1.0, DATE_SUB(NOW(), INTERVAL 15 DAY)),
(104, 'food', 117, 'view', 1.0, DATE_SUB(NOW(), INTERVAL 16 DAY)),
(104, 'food', 117, 'purchase', 5.0, DATE_SUB(NOW(), INTERVAL 16 DAY)),
(104, 'food', 123, 'view', 1.0, DATE_SUB(NOW(), INTERVAL 17 DAY)),
(104, 'food', 123, 'favorite', 4.0, DATE_SUB(NOW(), INTERVAL 17 DAY)),
(105, 'food', 1, 'view', 1.0, DATE_SUB(NOW(), INTERVAL 1 DAY)),
(105, 'food', 1, 'favorite', 4.0, DATE_SUB(NOW(), INTERVAL 1 DAY)),
(105, 'food', 1, 'purchase', 5.0, DATE_SUB(NOW(), INTERVAL 1 DAY)),
(105, 'food', 3, 'view', 1.0, DATE_SUB(NOW(), INTERVAL 2 DAY)),
(105, 'food', 7, 'view', 1.0, DATE_SUB(NOW(), INTERVAL 3 DAY)),
(105, 'food', 11, 'view', 1.0, DATE_SUB(NOW(), INTERVAL 4 DAY)),
(105, 'food', 14, 'view', 1.0, DATE_SUB(NOW(), INTERVAL 5 DAY)),
(105, 'food', 14, 'favorite', 4.0, DATE_SUB(NOW(), INTERVAL 5 DAY)),
(105, 'food', 19, 'view', 1.0, DATE_SUB(NOW(), INTERVAL 6 DAY)),
(105, 'food', 19, 'purchase', 5.0, DATE_SUB(NOW(), INTERVAL 6 DAY)),
(105, 'food', 26, 'view', 1.0, DATE_SUB(NOW(), INTERVAL 7 DAY)),
(105, 'food', 34, 'view', 1.0, DATE_SUB(NOW(), INTERVAL 8 DAY)),
(105, 'food', 36, 'view', 1.0, DATE_SUB(NOW(), INTERVAL 9 DAY)),
(105, 'food', 36, 'favorite', 4.0, DATE_SUB(NOW(), INTERVAL 9 DAY)),
(105, 'food', 38, 'view', 1.0, DATE_SUB(NOW(), INTERVAL 10 DAY)),
(105, 'food', 41, 'view', 1.0, DATE_SUB(NOW(), INTERVAL 11 DAY)),
(105, 'food', 41, 'purchase', 5.0, DATE_SUB(NOW(), INTERVAL 11 DAY)),
(105, 'food', 51, 'view', 1.0, DATE_SUB(NOW(), INTERVAL 12 DAY)),
(105, 'food', 62, 'view', 1.0, DATE_SUB(NOW(), INTERVAL 13 DAY)),
(105, 'food', 62, 'favorite', 4.0, DATE_SUB(NOW(), INTERVAL 13 DAY)),
(105, 'food', 79, 'view', 1.0, DATE_SUB(NOW(), INTERVAL 14 DAY)),
(105, 'food', 101, 'view', 1.0, DATE_SUB(NOW(), INTERVAL 15 DAY)),
(105, 'food', 102, 'view', 1.0, DATE_SUB(NOW(), INTERVAL 16 DAY)),
(105, 'food', 102, 'purchase', 5.0, DATE_SUB(NOW(), INTERVAL 16 DAY)),
(105, 'food', 115, 'view', 1.0, DATE_SUB(NOW(), INTERVAL 17 DAY)),
(105, 'food', 115, 'favorite', 4.0, DATE_SUB(NOW(), INTERVAL 17 DAY)),
(105, 'food', 116, 'view', 1.0, DATE_SUB(NOW(), INTERVAL 18 DAY)),
(105, 'food', 121, 'view', 1.0, DATE_SUB(NOW(), INTERVAL 19 DAY)),
(105, 'food', 125, 'view', 1.0, DATE_SUB(NOW(), INTERVAL 20 DAY)),
(106, 'food', 1, 'view', 1.0, DATE_SUB(NOW(), INTERVAL 1 DAY)),
(106, 'food', 1, 'favorite', 4.0, DATE_SUB(NOW(), INTERVAL 1 DAY)),
(106, 'food', 1, 'purchase', 5.0, DATE_SUB(NOW(), INTERVAL 1 DAY)),
(106, 'food', 2, 'view', 1.0, DATE_SUB(NOW(), INTERVAL 2 DAY)),
(106, 'food', 3, 'view', 1.0, DATE_SUB(NOW(), INTERVAL 3 DAY)),
(106, 'food', 43, 'view', 1.0, DATE_SUB(NOW(), INTERVAL 4 DAY)),
(106, 'food', 49, 'view', 1.0, DATE_SUB(NOW(), INTERVAL 5 DAY)),
(106, 'food', 49, 'favorite', 4.0, DATE_SUB(NOW(), INTERVAL 5 DAY)),
(106, 'food', 53, 'view', 1.0, DATE_SUB(NOW(), INTERVAL 6 DAY)),
(106, 'food', 53, 'purchase', 5.0, DATE_SUB(NOW(), INTERVAL 6 DAY)),
(106, 'food', 55, 'view', 1.0, DATE_SUB(NOW(), INTERVAL 7 DAY)),
(106, 'food', 57, 'view', 1.0, DATE_SUB(NOW(), INTERVAL 8 DAY)),
(106, 'food', 62, 'view', 1.0, DATE_SUB(NOW(), INTERVAL 9 DAY)),
(106, 'food', 62, 'favorite', 4.0, DATE_SUB(NOW(), INTERVAL 9 DAY)),
(106, 'food', 70, 'view', 1.0, DATE_SUB(NOW(), INTERVAL 10 DAY)),
(106, 'food', 89, 'view', 1.0, DATE_SUB(NOW(), INTERVAL 11 DAY)),
(106, 'food', 89, 'purchase', 5.0, DATE_SUB(NOW(), INTERVAL 11 DAY)),
(106, 'food', 98, 'view', 1.0, DATE_SUB(NOW(), INTERVAL 12 DAY)),
(106, 'food', 113, 'view', 1.0, DATE_SUB(NOW(), INTERVAL 13 DAY)),
(106, 'food', 113, 'favorite', 4.0, DATE_SUB(NOW(), INTERVAL 13 DAY)),
(106, 'food', 116, 'view', 1.0, DATE_SUB(NOW(), INTERVAL 14 DAY)),
(106, 'food', 117, 'view', 1.0, DATE_SUB(NOW(), INTERVAL 15 DAY)),
(106, 'food', 122, 'view', 1.0, DATE_SUB(NOW(), INTERVAL 16 DAY)),
(106, 'food', 122, 'purchase', 5.0, DATE_SUB(NOW(), INTERVAL 16 DAY)),
(107, 'food', 1, 'view', 1.0, DATE_SUB(NOW(), INTERVAL 1 DAY)),
(107, 'food', 1, 'favorite', 4.0, DATE_SUB(NOW(), INTERVAL 1 DAY)),
(107, 'food', 1, 'purchase', 5.0, DATE_SUB(NOW(), INTERVAL 1 DAY)),
(107, 'food', 3, 'view', 1.0, DATE_SUB(NOW(), INTERVAL 2 DAY)),
(107, 'food', 11, 'view', 1.0, DATE_SUB(NOW(), INTERVAL 3 DAY)),
(107, 'food', 14, 'view', 1.0, DATE_SUB(NOW(), INTERVAL 4 DAY)),
(107, 'food', 36, 'view', 1.0, DATE_SUB(NOW(), INTERVAL 5 DAY)),
(107, 'food', 36, 'favorite', 4.0, DATE_SUB(NOW(), INTERVAL 5 DAY)),
(107, 'food', 43, 'view', 1.0, DATE_SUB(NOW(), INTERVAL 6 DAY)),
(107, 'food', 43, 'purchase', 5.0, DATE_SUB(NOW(), INTERVAL 6 DAY)),
(107, 'food', 49, 'view', 1.0, DATE_SUB(NOW(), INTERVAL 7 DAY)),
(107, 'food', 55, 'view', 1.0, DATE_SUB(NOW(), INTERVAL 8 DAY)),
(107, 'food', 58, 'view', 1.0, DATE_SUB(NOW(), INTERVAL 9 DAY)),
(107, 'food', 58, 'favorite', 4.0, DATE_SUB(NOW(), INTERVAL 9 DAY)),
(107, 'food', 62, 'view', 1.0, DATE_SUB(NOW(), INTERVAL 10 DAY)),
(107, 'food', 68, 'view', 1.0, DATE_SUB(NOW(), INTERVAL 11 DAY)),
(107, 'food', 68, 'purchase', 5.0, DATE_SUB(NOW(), INTERVAL 11 DAY)),
(107, 'food', 88, 'view', 1.0, DATE_SUB(NOW(), INTERVAL 12 DAY)),
(107, 'food', 89, 'view', 1.0, DATE_SUB(NOW(), INTERVAL 13 DAY)),
(107, 'food', 89, 'favorite', 4.0, DATE_SUB(NOW(), INTERVAL 13 DAY)),
(107, 'food', 98, 'view', 1.0, DATE_SUB(NOW(), INTERVAL 14 DAY)),
(107, 'food', 113, 'view', 1.0, DATE_SUB(NOW(), INTERVAL 15 DAY)),
(107, 'food', 116, 'view', 1.0, DATE_SUB(NOW(), INTERVAL 16 DAY)),
(107, 'food', 116, 'purchase', 5.0, DATE_SUB(NOW(), INTERVAL 16 DAY)),
(107, 'food', 117, 'view', 1.0, DATE_SUB(NOW(), INTERVAL 17 DAY)),
(107, 'food', 117, 'favorite', 4.0, DATE_SUB(NOW(), INTERVAL 17 DAY)),
(107, 'food', 121, 'view', 1.0, DATE_SUB(NOW(), INTERVAL 18 DAY)),
(107, 'food', 122, 'view', 1.0, DATE_SUB(NOW(), INTERVAL 19 DAY)),
(108, 'food', 18, 'view', 1.0, DATE_SUB(NOW(), INTERVAL 1 DAY)),
(108, 'food', 18, 'favorite', 4.0, DATE_SUB(NOW(), INTERVAL 1 DAY)),
(108, 'food', 18, 'purchase', 5.0, DATE_SUB(NOW(), INTERVAL 1 DAY)),
(108, 'food', 19, 'view', 1.0, DATE_SUB(NOW(), INTERVAL 2 DAY)),
(108, 'food', 22, 'view', 1.0, DATE_SUB(NOW(), INTERVAL 3 DAY)),
(108, 'food', 34, 'view', 1.0, DATE_SUB(NOW(), INTERVAL 4 DAY)),
(108, 'food', 39, 'view', 1.0, DATE_SUB(NOW(), INTERVAL 5 DAY)),
(108, 'food', 39, 'favorite', 4.0, DATE_SUB(NOW(), INTERVAL 5 DAY)),
(108, 'food', 40, 'view', 1.0, DATE_SUB(NOW(), INTERVAL 6 DAY)),
(108, 'food', 40, 'purchase', 5.0, DATE_SUB(NOW(), INTERVAL 6 DAY)),
(108, 'food', 41, 'view', 1.0, DATE_SUB(NOW(), INTERVAL 7 DAY)),
(108, 'food', 76, 'view', 1.0, DATE_SUB(NOW(), INTERVAL 8 DAY)),
(108, 'food', 77, 'view', 1.0, DATE_SUB(NOW(), INTERVAL 9 DAY)),
(108, 'food', 77, 'favorite', 4.0, DATE_SUB(NOW(), INTERVAL 9 DAY)),
(108, 'food', 80, 'view', 1.0, DATE_SUB(NOW(), INTERVAL 10 DAY)),
(108, 'food', 83, 'view', 1.0, DATE_SUB(NOW(), INTERVAL 11 DAY)),
(108, 'food', 83, 'purchase', 5.0, DATE_SUB(NOW(), INTERVAL 11 DAY)),
(108, 'food', 83, 'view', 1.0, DATE_SUB(NOW(), INTERVAL 12 DAY)),
(108, 'food', 101, 'view', 1.0, DATE_SUB(NOW(), INTERVAL 13 DAY)),
(108, 'food', 101, 'favorite', 4.0, DATE_SUB(NOW(), INTERVAL 13 DAY)),
(108, 'food', 111, 'view', 1.0, DATE_SUB(NOW(), INTERVAL 14 DAY)),
(108, 'food', 115, 'view', 1.0, DATE_SUB(NOW(), INTERVAL 15 DAY)),
(108, 'food', 125, 'view', 1.0, DATE_SUB(NOW(), INTERVAL 16 DAY)),
(108, 'food', 125, 'purchase', 5.0, DATE_SUB(NOW(), INTERVAL 16 DAY)),
(108, 'food', 42, 'view', 1.0, DATE_SUB(NOW(), INTERVAL 17 DAY)),
(108, 'food', 42, 'favorite', 4.0, DATE_SUB(NOW(), INTERVAL 17 DAY)),
(108, 'food', 124, 'view', 1.0, DATE_SUB(NOW(), INTERVAL 18 DAY)),
(108, 'food', 32, 'view', 1.0, DATE_SUB(NOW(), INTERVAL 19 DAY)),
(108, 'food', 20, 'view', 1.0, DATE_SUB(NOW(), INTERVAL 20 DAY)),
(109, 'food', 11, 'view', 1.0, DATE_SUB(NOW(), INTERVAL 1 DAY)),
(109, 'food', 11, 'favorite', 4.0, DATE_SUB(NOW(), INTERVAL 1 DAY)),
(109, 'food', 11, 'purchase', 5.0, DATE_SUB(NOW(), INTERVAL 1 DAY)),
(109, 'food', 62, 'view', 1.0, DATE_SUB(NOW(), INTERVAL 2 DAY)),
(109, 'food', 71, 'view', 1.0, DATE_SUB(NOW(), INTERVAL 3 DAY)),
(109, 'food', 89, 'view', 1.0, DATE_SUB(NOW(), INTERVAL 4 DAY)),
(109, 'food', 43, 'view', 1.0, DATE_SUB(NOW(), INTERVAL 5 DAY)),
(109, 'food', 43, 'favorite', 4.0, DATE_SUB(NOW(), INTERVAL 5 DAY)),
(109, 'food', 49, 'view', 1.0, DATE_SUB(NOW(), INTERVAL 6 DAY)),
(109, 'food', 49, 'purchase', 5.0, DATE_SUB(NOW(), INTERVAL 6 DAY)),
(109, 'food', 53, 'view', 1.0, DATE_SUB(NOW(), INTERVAL 7 DAY)),
(109, 'food', 55, 'view', 1.0, DATE_SUB(NOW(), INTERVAL 8 DAY)),
(109, 'food', 58, 'view', 1.0, DATE_SUB(NOW(), INTERVAL 9 DAY)),
(109, 'food', 58, 'favorite', 4.0, DATE_SUB(NOW(), INTERVAL 9 DAY)),
(109, 'food', 59, 'view', 1.0, DATE_SUB(NOW(), INTERVAL 10 DAY)),
(109, 'food', 59, 'view', 1.0, DATE_SUB(NOW(), INTERVAL 11 DAY)),
(109, 'food', 59, 'purchase', 5.0, DATE_SUB(NOW(), INTERVAL 11 DAY)),
(109, 'food', 70, 'view', 1.0, DATE_SUB(NOW(), INTERVAL 12 DAY)),
(109, 'food', 113, 'view', 1.0, DATE_SUB(NOW(), INTERVAL 13 DAY)),
(109, 'food', 113, 'favorite', 4.0, DATE_SUB(NOW(), INTERVAL 13 DAY)),
(109, 'food', 117, 'view', 1.0, DATE_SUB(NOW(), INTERVAL 14 DAY)),
(109, 'food', 122, 'view', 1.0, DATE_SUB(NOW(), INTERVAL 15 DAY)),
(109, 'food', 121, 'view', 1.0, DATE_SUB(NOW(), INTERVAL 16 DAY)),
(109, 'food', 121, 'purchase', 5.0, DATE_SUB(NOW(), INTERVAL 16 DAY)),
(109, 'food', 98, 'view', 1.0, DATE_SUB(NOW(), INTERVAL 17 DAY)),
(109, 'food', 98, 'favorite', 4.0, DATE_SUB(NOW(), INTERVAL 17 DAY)),
(109, 'food', 105, 'view', 1.0, DATE_SUB(NOW(), INTERVAL 18 DAY)),
(110, 'food', 5, 'view', 1.0, DATE_SUB(NOW(), INTERVAL 1 DAY)),
(110, 'food', 5, 'favorite', 4.0, DATE_SUB(NOW(), INTERVAL 1 DAY)),
(110, 'food', 5, 'purchase', 5.0, DATE_SUB(NOW(), INTERVAL 1 DAY)),
(110, 'food', 6, 'view', 1.0, DATE_SUB(NOW(), INTERVAL 2 DAY)),
(110, 'food', 10, 'view', 1.0, DATE_SUB(NOW(), INTERVAL 3 DAY)),
(110, 'food', 12, 'view', 1.0, DATE_SUB(NOW(), INTERVAL 4 DAY)),
(110, 'food', 16, 'view', 1.0, DATE_SUB(NOW(), INTERVAL 5 DAY)),
(110, 'food', 16, 'favorite', 4.0, DATE_SUB(NOW(), INTERVAL 5 DAY)),
(110, 'food', 44, 'view', 1.0, DATE_SUB(NOW(), INTERVAL 6 DAY)),
(110, 'food', 44, 'purchase', 5.0, DATE_SUB(NOW(), INTERVAL 6 DAY)),
(110, 'food', 54, 'view', 1.0, DATE_SUB(NOW(), INTERVAL 7 DAY)),
(110, 'food', 55, 'view', 1.0, DATE_SUB(NOW(), INTERVAL 8 DAY)),
(110, 'food', 56, 'view', 1.0, DATE_SUB(NOW(), INTERVAL 9 DAY)),
(110, 'food', 56, 'favorite', 4.0, DATE_SUB(NOW(), INTERVAL 9 DAY)),
(110, 'food', 60, 'view', 1.0, DATE_SUB(NOW(), INTERVAL 10 DAY)),
(110, 'food', 61, 'view', 1.0, DATE_SUB(NOW(), INTERVAL 11 DAY)),
(110, 'food', 61, 'purchase', 5.0, DATE_SUB(NOW(), INTERVAL 11 DAY)),
(110, 'food', 68, 'view', 1.0, DATE_SUB(NOW(), INTERVAL 12 DAY)),
(110, 'food', 69, 'view', 1.0, DATE_SUB(NOW(), INTERVAL 13 DAY)),
(110, 'food', 69, 'favorite', 4.0, DATE_SUB(NOW(), INTERVAL 13 DAY)),
(110, 'food', 70, 'view', 1.0, DATE_SUB(NOW(), INTERVAL 14 DAY)),
(110, 'food', 79, 'view', 1.0, DATE_SUB(NOW(), INTERVAL 15 DAY)),
(110, 'food', 83, 'view', 1.0, DATE_SUB(NOW(), INTERVAL 16 DAY)),
(110, 'food', 83, 'purchase', 5.0, DATE_SUB(NOW(), INTERVAL 16 DAY)),
(110, 'food', 100, 'view', 1.0, DATE_SUB(NOW(), INTERVAL 17 DAY)),
(110, 'food', 100, 'favorite', 4.0, DATE_SUB(NOW(), INTERVAL 17 DAY)),
(110, 'food', 104, 'view', 1.0, DATE_SUB(NOW(), INTERVAL 18 DAY)),
(110, 'food', 106, 'view', 1.0, DATE_SUB(NOW(), INTERVAL 19 DAY)),
(111, 'food', 26, 'view', 1.0, DATE_SUB(NOW(), INTERVAL 1 DAY)),
(111, 'food', 26, 'favorite', 4.0, DATE_SUB(NOW(), INTERVAL 1 DAY)),
(111, 'food', 26, 'purchase', 5.0, DATE_SUB(NOW(), INTERVAL 1 DAY)),
(111, 'food', 28, 'view', 1.0, DATE_SUB(NOW(), INTERVAL 2 DAY)),
(111, 'food', 47, 'view', 1.0, DATE_SUB(NOW(), INTERVAL 3 DAY)),
(111, 'food', 50, 'view', 1.0, DATE_SUB(NOW(), INTERVAL 4 DAY)),
(111, 'food', 51, 'view', 1.0, DATE_SUB(NOW(), INTERVAL 5 DAY)),
(111, 'food', 51, 'favorite', 4.0, DATE_SUB(NOW(), INTERVAL 5 DAY)),
(111, 'food', 52, 'view', 1.0, DATE_SUB(NOW(), INTERVAL 6 DAY)),
(111, 'food', 52, 'purchase', 5.0, DATE_SUB(NOW(), INTERVAL 6 DAY)),
(111, 'food', 60, 'view', 1.0, DATE_SUB(NOW(), INTERVAL 7 DAY)),
(111, 'food', 61, 'view', 1.0, DATE_SUB(NOW(), INTERVAL 8 DAY)),
(111, 'food', 64, 'view', 1.0, DATE_SUB(NOW(), INTERVAL 9 DAY)),
(111, 'food', 64, 'favorite', 4.0, DATE_SUB(NOW(), INTERVAL 9 DAY)),
(111, 'food', 65, 'view', 1.0, DATE_SUB(NOW(), INTERVAL 10 DAY)),
(111, 'food', 88, 'view', 1.0, DATE_SUB(NOW(), INTERVAL 11 DAY)),
(111, 'food', 88, 'purchase', 5.0, DATE_SUB(NOW(), INTERVAL 11 DAY)),
(111, 'food', 91, 'view', 1.0, DATE_SUB(NOW(), INTERVAL 12 DAY)),
(111, 'food', 95, 'view', 1.0, DATE_SUB(NOW(), INTERVAL 13 DAY)),
(111, 'food', 95, 'favorite', 4.0, DATE_SUB(NOW(), INTERVAL 13 DAY)),
(111, 'food', 96, 'view', 1.0, DATE_SUB(NOW(), INTERVAL 14 DAY)),
(111, 'food', 98, 'view', 1.0, DATE_SUB(NOW(), INTERVAL 15 DAY)),
(111, 'food', 99, 'view', 1.0, DATE_SUB(NOW(), INTERVAL 16 DAY)),
(111, 'food', 99, 'purchase', 5.0, DATE_SUB(NOW(), INTERVAL 16 DAY)),
(111, 'food', 103, 'view', 1.0, DATE_SUB(NOW(), INTERVAL 17 DAY)),
(111, 'food', 103, 'favorite', 4.0, DATE_SUB(NOW(), INTERVAL 17 DAY)),
(111, 'food', 104, 'view', 1.0, DATE_SUB(NOW(), INTERVAL 18 DAY)),
(111, 'food', 112, 'view', 1.0, DATE_SUB(NOW(), INTERVAL 19 DAY)),
(112, 'food', 17, 'view', 1.0, DATE_SUB(NOW(), INTERVAL 1 DAY)),
(112, 'food', 17, 'favorite', 4.0, DATE_SUB(NOW(), INTERVAL 1 DAY)),
(112, 'food', 17, 'purchase', 5.0, DATE_SUB(NOW(), INTERVAL 1 DAY)),
(112, 'food', 18, 'view', 1.0, DATE_SUB(NOW(), INTERVAL 2 DAY)),
(112, 'food', 19, 'view', 1.0, DATE_SUB(NOW(), INTERVAL 3 DAY)),
(112, 'food', 20, 'view', 1.0, DATE_SUB(NOW(), INTERVAL 4 DAY)),
(112, 'food', 21, 'view', 1.0, DATE_SUB(NOW(), INTERVAL 5 DAY)),
(112, 'food', 21, 'favorite', 4.0, DATE_SUB(NOW(), INTERVAL 5 DAY)),
(112, 'food', 22, 'view', 1.0, DATE_SUB(NOW(), INTERVAL 6 DAY)),
(112, 'food', 22, 'purchase', 5.0, DATE_SUB(NOW(), INTERVAL 6 DAY)),
(112, 'food', 23, 'view', 1.0, DATE_SUB(NOW(), INTERVAL 7 DAY)),
(112, 'food', 73, 'view', 1.0, DATE_SUB(NOW(), INTERVAL 8 DAY)),
(112, 'food', 74, 'view', 1.0, DATE_SUB(NOW(), INTERVAL 9 DAY)),
(112, 'food', 74, 'favorite', 4.0, DATE_SUB(NOW(), INTERVAL 9 DAY)),
(112, 'food', 75, 'view', 1.0, DATE_SUB(NOW(), INTERVAL 10 DAY)),
(112, 'food', 76, 'view', 1.0, DATE_SUB(NOW(), INTERVAL 11 DAY)),
(112, 'food', 76, 'purchase', 5.0, DATE_SUB(NOW(), INTERVAL 11 DAY)),
(112, 'food', 77, 'view', 1.0, DATE_SUB(NOW(), INTERVAL 12 DAY)),
(112, 'food', 78, 'view', 1.0, DATE_SUB(NOW(), INTERVAL 13 DAY)),
(112, 'food', 78, 'favorite', 4.0, DATE_SUB(NOW(), INTERVAL 13 DAY)),
(112, 'food', 80, 'view', 1.0, DATE_SUB(NOW(), INTERVAL 14 DAY)),
(112, 'food', 81, 'view', 1.0, DATE_SUB(NOW(), INTERVAL 15 DAY)),
(112, 'food', 82, 'view', 1.0, DATE_SUB(NOW(), INTERVAL 16 DAY)),
(112, 'food', 82, 'purchase', 5.0, DATE_SUB(NOW(), INTERVAL 16 DAY)),
(112, 'food', 83, 'view', 1.0, DATE_SUB(NOW(), INTERVAL 17 DAY)),
(112, 'food', 83, 'favorite', 4.0, DATE_SUB(NOW(), INTERVAL 17 DAY)),
(112, 'food', 84, 'view', 1.0, DATE_SUB(NOW(), INTERVAL 18 DAY)),
(112, 'food', 85, 'view', 1.0, DATE_SUB(NOW(), INTERVAL 19 DAY)),
(112, 'food', 86, 'view', 1.0, DATE_SUB(NOW(), INTERVAL 20 DAY)),
(112, 'food', 87, 'view', 1.0, DATE_SUB(NOW(), INTERVAL 21 DAY)),
(112, 'food', 87, 'favorite', 4.0, DATE_SUB(NOW(), INTERVAL 21 DAY)),
(112, 'food', 87, 'purchase', 5.0, DATE_SUB(NOW(), INTERVAL 21 DAY)),
(112, 'food', 123, 'view', 1.0, DATE_SUB(NOW(), INTERVAL 22 DAY)),
(112, 'food', 39, 'view', 1.0, DATE_SUB(NOW(), INTERVAL 23 DAY)),
(112, 'food', 40, 'view', 1.0, DATE_SUB(NOW(), INTERVAL 24 DAY)),
(112, 'food', 41, 'view', 1.0, DATE_SUB(NOW(), INTERVAL 25 DAY)),
(112, 'food', 41, 'favorite', 4.0, DATE_SUB(NOW(), INTERVAL 25 DAY)),
(112, 'food', 42, 'view', 1.0, DATE_SUB(NOW(), INTERVAL 26 DAY)),
(112, 'food', 42, 'purchase', 5.0, DATE_SUB(NOW(), INTERVAL 26 DAY)),
(112, 'food', 124, 'view', 1.0, DATE_SUB(NOW(), INTERVAL 27 DAY)),
(112, 'food', 113, 'view', 1.0, DATE_SUB(NOW(), INTERVAL 28 DAY)),
(112, 'food', 126, 'view', 1.0, DATE_SUB(NOW(), INTERVAL 29 DAY)),
(112, 'food', 126, 'favorite', 4.0, DATE_SUB(NOW(), INTERVAL 29 DAY)),
(113, 'food', 9, 'view', 1.0, DATE_SUB(NOW(), INTERVAL 1 DAY)),
(113, 'food', 9, 'favorite', 4.0, DATE_SUB(NOW(), INTERVAL 1 DAY)),
(113, 'food', 9, 'purchase', 5.0, DATE_SUB(NOW(), INTERVAL 1 DAY)),
(113, 'food', 15, 'view', 1.0, DATE_SUB(NOW(), INTERVAL 2 DAY)),
(113, 'food', 32, 'view', 1.0, DATE_SUB(NOW(), INTERVAL 3 DAY)),
(113, 'food', 35, 'view', 1.0, DATE_SUB(NOW(), INTERVAL 4 DAY)),
(113, 'food', 59, 'view', 1.0, DATE_SUB(NOW(), INTERVAL 5 DAY)),
(113, 'food', 59, 'favorite', 4.0, DATE_SUB(NOW(), INTERVAL 5 DAY)),
(113, 'food', 65, 'view', 1.0, DATE_SUB(NOW(), INTERVAL 6 DAY)),
(113, 'food', 65, 'purchase', 5.0, DATE_SUB(NOW(), INTERVAL 6 DAY)),
(113, 'food', 90, 'view', 1.0, DATE_SUB(NOW(), INTERVAL 7 DAY)),
(113, 'food', 97, 'view', 1.0, DATE_SUB(NOW(), INTERVAL 8 DAY)),
(113, 'food', 99, 'view', 1.0, DATE_SUB(NOW(), INTERVAL 9 DAY)),
(113, 'food', 99, 'favorite', 4.0, DATE_SUB(NOW(), INTERVAL 9 DAY)),
(113, 'food', 102, 'view', 1.0, DATE_SUB(NOW(), INTERVAL 10 DAY)),
(113, 'food', 109, 'view', 1.0, DATE_SUB(NOW(), INTERVAL 11 DAY)),
(113, 'food', 109, 'purchase', 5.0, DATE_SUB(NOW(), INTERVAL 11 DAY)),
(113, 'food', 85, 'view', 1.0, DATE_SUB(NOW(), INTERVAL 12 DAY)),
(113, 'food', 86, 'view', 1.0, DATE_SUB(NOW(), INTERVAL 13 DAY)),
(113, 'food', 86, 'favorite', 4.0, DATE_SUB(NOW(), INTERVAL 13 DAY)),
(113, 'food', 64, 'view', 1.0, DATE_SUB(NOW(), INTERVAL 14 DAY)),
(113, 'food', 95, 'view', 1.0, DATE_SUB(NOW(), INTERVAL 15 DAY)),
(113, 'food', 124, 'view', 1.0, DATE_SUB(NOW(), INTERVAL 16 DAY)),
(113, 'food', 124, 'purchase', 5.0, DATE_SUB(NOW(), INTERVAL 16 DAY)),
(113, 'food', 127, 'view', 1.0, DATE_SUB(NOW(), INTERVAL 17 DAY)),
(113, 'food', 127, 'favorite', 4.0, DATE_SUB(NOW(), INTERVAL 17 DAY)),
(114, 'food', 34, 'view', 1.0, DATE_SUB(NOW(), INTERVAL 1 DAY)),
(114, 'food', 34, 'favorite', 4.0, DATE_SUB(NOW(), INTERVAL 1 DAY)),
(114, 'food', 34, 'purchase', 5.0, DATE_SUB(NOW(), INTERVAL 1 DAY)),
(114, 'food', 32, 'view', 1.0, DATE_SUB(NOW(), INTERVAL 2 DAY)),
(114, 'food', 39, 'view', 1.0, DATE_SUB(NOW(), INTERVAL 3 DAY)),
(114, 'food', 40, 'view', 1.0, DATE_SUB(NOW(), INTERVAL 4 DAY)),
(114, 'food', 41, 'view', 1.0, DATE_SUB(NOW(), INTERVAL 5 DAY)),
(114, 'food', 41, 'favorite', 4.0, DATE_SUB(NOW(), INTERVAL 5 DAY)),
(114, 'food', 77, 'view', 1.0, DATE_SUB(NOW(), INTERVAL 6 DAY)),
(114, 'food', 77, 'purchase', 5.0, DATE_SUB(NOW(), INTERVAL 6 DAY)),
(114, 'food', 86, 'view', 1.0, DATE_SUB(NOW(), INTERVAL 7 DAY)),
(114, 'food', 87, 'view', 1.0, DATE_SUB(NOW(), INTERVAL 8 DAY)),
(114, 'food', 101, 'view', 1.0, DATE_SUB(NOW(), INTERVAL 9 DAY)),
(114, 'food', 101, 'favorite', 4.0, DATE_SUB(NOW(), INTERVAL 9 DAY)),
(114, 'food', 111, 'view', 1.0, DATE_SUB(NOW(), INTERVAL 10 DAY)),
(114, 'food', 115, 'view', 1.0, DATE_SUB(NOW(), INTERVAL 11 DAY)),
(114, 'food', 115, 'purchase', 5.0, DATE_SUB(NOW(), INTERVAL 11 DAY)),
(114, 'food', 125, 'view', 1.0, DATE_SUB(NOW(), INTERVAL 12 DAY)),
(114, 'food', 42, 'view', 1.0, DATE_SUB(NOW(), INTERVAL 13 DAY)),
(114, 'food', 42, 'favorite', 4.0, DATE_SUB(NOW(), INTERVAL 13 DAY)),
(114, 'food', 33, 'view', 1.0, DATE_SUB(NOW(), INTERVAL 14 DAY)),
(114, 'food', 20, 'view', 1.0, DATE_SUB(NOW(), INTERVAL 15 DAY)),
(114, 'food', 18, 'view', 1.0, DATE_SUB(NOW(), INTERVAL 16 DAY)),
(114, 'food', 18, 'purchase', 5.0, DATE_SUB(NOW(), INTERVAL 16 DAY)),
(115, 'food', 1, 'view', 1.0, DATE_SUB(NOW(), INTERVAL 1 DAY)),
(115, 'food', 1, 'favorite', 4.0, DATE_SUB(NOW(), INTERVAL 1 DAY)),
(115, 'food', 1, 'purchase', 5.0, DATE_SUB(NOW(), INTERVAL 1 DAY)),
(115, 'food', 2, 'view', 1.0, DATE_SUB(NOW(), INTERVAL 2 DAY)),
(115, 'food', 3, 'view', 1.0, DATE_SUB(NOW(), INTERVAL 3 DAY)),
(115, 'food', 8, 'view', 1.0, DATE_SUB(NOW(), INTERVAL 4 DAY)),
(115, 'food', 43, 'view', 1.0, DATE_SUB(NOW(), INTERVAL 5 DAY)),
(115, 'food', 43, 'favorite', 4.0, DATE_SUB(NOW(), INTERVAL 5 DAY)),
(115, 'food', 49, 'view', 1.0, DATE_SUB(NOW(), INTERVAL 6 DAY)),
(115, 'food', 49, 'purchase', 5.0, DATE_SUB(NOW(), INTERVAL 6 DAY)),
(115, 'food', 51, 'view', 1.0, DATE_SUB(NOW(), INTERVAL 7 DAY)),
(115, 'food', 53, 'view', 1.0, DATE_SUB(NOW(), INTERVAL 8 DAY)),
(115, 'food', 54, 'view', 1.0, DATE_SUB(NOW(), INTERVAL 9 DAY)),
(115, 'food', 54, 'favorite', 4.0, DATE_SUB(NOW(), INTERVAL 9 DAY)),
(115, 'food', 55, 'view', 1.0, DATE_SUB(NOW(), INTERVAL 10 DAY)),
(115, 'food', 57, 'view', 1.0, DATE_SUB(NOW(), INTERVAL 11 DAY)),
(115, 'food', 57, 'purchase', 5.0, DATE_SUB(NOW(), INTERVAL 11 DAY)),
(115, 'food', 88, 'view', 1.0, DATE_SUB(NOW(), INTERVAL 12 DAY)),
(115, 'food', 89, 'view', 1.0, DATE_SUB(NOW(), INTERVAL 13 DAY)),
(115, 'food', 89, 'favorite', 4.0, DATE_SUB(NOW(), INTERVAL 13 DAY)),
(115, 'food', 94, 'view', 1.0, DATE_SUB(NOW(), INTERVAL 14 DAY)),
(115, 'food', 116, 'view', 1.0, DATE_SUB(NOW(), INTERVAL 15 DAY)),
(115, 'food', 119, 'view', 1.0, DATE_SUB(NOW(), INTERVAL 16 DAY)),
(115, 'food', 119, 'purchase', 5.0, DATE_SUB(NOW(), INTERVAL 16 DAY)),
(115, 'food', 122, 'view', 1.0, DATE_SUB(NOW(), INTERVAL 17 DAY)),
(115, 'food', 122, 'favorite', 4.0, DATE_SUB(NOW(), INTERVAL 17 DAY));

-- ==================== 健康食谱 ====================
INSERT INTO food_recipe (title, summary, content, suitable_people, cover_img, publisher_id, collect_count, status, publish_time) VALUES
('1', '2', '3', '4', '/images/recipes/001.jpg', 1, 1, 1, NOW());

-- ==================== 健康食谱 ====================
INSERT INTO food_recipe (title, summary, content, suitable_people, cover_img, publisher_id, collect_count, status, publish_time) VALUES
('鸡胸肉西兰花减脂餐', '高蛋白低脂肪，健身必备减脂餐', '食材：鸡胸肉200g、西兰花300g、橄榄油少许、盐、黑胡椒。\n做法：1.鸡胸肉切薄片，用盐和黑胡椒腌制10分钟。2.西兰花切小朵，焯水2分钟捞出。3.平底锅热油，中火煎鸡胸肉每面3分钟。4.摆盘西兰花垫底，鸡胸肉铺在上面即可。\n热量：约350kcal，蛋白质35g，脂肪8g。', '健身人群、减脂人群', '/images/recipes/002.jpg', 1, 128, 1, DATE_SUB(NOW(), INTERVAL 30 DAY)),
('红枣桂圆银耳羹', '美容养颜，滋补气血', '食材：银耳20g、红枣8颗、桂圆10g、冰糖30g。\n做法：1.银耳提前泡发2小时，撕成小朵。2.红枣去核，桂圆去壳。3.所有食材放入炖盅，加水没过食材。4.隔水炖2小时，加入冰糖即可。\n功效：补气血，养颜润燥，适合女性经期后调理。', '女性、贫血人群、老人', '/images/recipes/003.jpg', 1, 256, 1, DATE_SUB(NOW(), INTERVAL 25 DAY)),
('蒜蓉西兰花', '简单快手，营养丰富', '食材：西兰花1颗、大蒜6瓣、盐、蚝油。\n做法：1.西兰花切小朵，焯水1分钟捞出。2.大蒜切末。3.热油爆香蒜末，倒入西兰花翻炒。4.加盐和蚝油调味即可。', '所有人群', '/images/recipes/004.jpg', 1, 89, 1, DATE_SUB(NOW(), INTERVAL 20 DAY)),
('番茄鸡蛋汤', '酸甜开胃，老少皆宜', '食材：番茄2个、鸡蛋2个、葱花少许、盐。\n做法：1.番茄切块，鸡蛋打散。2.锅中加水烧开，放入番茄煮软。3.倒入蛋液形成蛋花。4.加盐调味，撒葱花即可。', '所有人群', '/images/recipes/005.jpg', 1, 312, 1, DATE_SUB(NOW(), INTERVAL 15 DAY)),
('紫薯燕麦粥', '高纤维饱腹早餐', '食材：紫薯200g、燕麦片50g、牛奶200ml、蜂蜜少许。\n做法：1.紫薯去皮切块，蒸熟压成泥。2.燕麦片加水煮软。3.加入紫薯泥和牛奶搅拌均匀。4.熄火加少许蜂蜜调味。', '减肥人群、健身人群', '/images/recipes/006.jpg', 1, 178, 1, DATE_SUB(NOW(), INTERVAL 10 DAY)),
('清蒸鲈鱼', '高蛋白低脂，鱼肉鲜嫩', '食材：鲈鱼1条、姜丝、葱丝、蒸鱼豉油。\n做法：1.鲈鱼处理干净，两面划几刀。2.鱼身铺姜丝，大火蒸8分钟。3.倒掉蒸出的水，撒葱丝。4.淋上蒸鱼豉油，泼热油激发香味。', '儿童、孕妇、健身人群', '/images/recipes/007.jpg', 1, 201, 1, DATE_SUB(NOW(), INTERVAL 8 DAY)),
('酸奶水果杯', '清爽健康，下午茶首选', '食材：希腊酸奶150g、蓝莓50g、草莓3颗、坚果少许。\n做法：1.草莓洗净切半。2.杯底铺一层酸奶。3.放一层水果，再铺酸奶。4.顶部撒坚果碎即可。', '所有人群、爱美人士', '/images/recipes/008.jpg', 1, 145, 1, DATE_SUB(NOW(), INTERVAL 5 DAY)),
('菠菜鸡蛋饼', '补铁补血，营养早餐', '食材：菠菜200g、鸡蛋3个、面粉50g、盐。\n做法：1.菠菜焯水切碎。2.鸡蛋打散加入面粉和菠菜。3.加少许盐搅拌成糊状。4.平底锅煎至两面金黄。', '儿童、贫血人群、孕妇', '/images/recipes/009.jpg', 1, 98, 1, DATE_SUB(NOW(), INTERVAL 3 DAY));

-- ==================== 食谱收藏 ====================
INSERT INTO recipe_favorite (user_id, recipe_id, create_time) VALUES
(2, 1, DATE_SUB(NOW(), INTERVAL 10 DAY)), (2, 3, DATE_SUB(NOW(), INTERVAL 8 DAY)), (2, 5, DATE_SUB(NOW(), INTERVAL 5 DAY)),
(100, 4, DATE_SUB(NOW(), INTERVAL 7 DAY)), (100, 7, DATE_SUB(NOW(), INTERVAL 3 DAY)),
(101, 1, DATE_SUB(NOW(), INTERVAL 12 DAY)), (101, 6, DATE_SUB(NOW(), INTERVAL 6 DAY)),
(102, 1, DATE_SUB(NOW(), INTERVAL 15 DAY)), (102, 5, DATE_SUB(NOW(), INTERVAL 10 DAY)), (102, 2, DATE_SUB(NOW(), INTERVAL 3 DAY)),
(103, 4, DATE_SUB(NOW(), INTERVAL 5 DAY)), (103, 7, DATE_SUB(NOW(), INTERVAL 2 DAY)),
(104, 2, DATE_SUB(NOW(), INTERVAL 20 DAY)), (104, 6, DATE_SUB(NOW(), INTERVAL 15 DAY)), (104, 8, DATE_SUB(NOW(), INTERVAL 3 DAY)),
(105, 1, DATE_SUB(NOW(), INTERVAL 8 DAY)), (105, 3, DATE_SUB(NOW(), INTERVAL 4 DAY)),
(106, 1, DATE_SUB(NOW(), INTERVAL 12 DAY)), (106, 2, DATE_SUB(NOW(), INTERVAL 8 DAY)), (106, 5, DATE_SUB(NOW(), INTERVAL 4 DAY)),
(107, 1, DATE_SUB(NOW(), INTERVAL 6 DAY)), (107, 3, DATE_SUB(NOW(), INTERVAL 3 DAY)),
(109, 1, DATE_SUB(NOW(), INTERVAL 20 DAY)), (109, 5, DATE_SUB(NOW(), INTERVAL 15 DAY)),
(110, 2, DATE_SUB(NOW(), INTERVAL 18 DAY)), (110, 6, DATE_SUB(NOW(), INTERVAL 10 DAY)),
(111, 2, DATE_SUB(NOW(), INTERVAL 25 DAY)), (111, 6, DATE_SUB(NOW(), INTERVAL 20 DAY)),
(115, 1, DATE_SUB(NOW(), INTERVAL 10 DAY)), (115, 3, DATE_SUB(NOW(), INTERVAL 8 DAY)), (115, 5, DATE_SUB(NOW(), INTERVAL 5 DAY));

-- ==================== 膳食百科文章 ====================
INSERT INTO food_article (title, summary, content, cover_img, publisher_id, read_count, status, publish_time) VALUES
('临期食品到底能不能吃？专家这样说', '临期食品并非过期食品，科学认知让您放心选购', '很多人对临期食品存在误解，认为临期就是过期不能食用。实际上，临期食品是指即将到达保质期但仍在保质期内的食品。根据国家规定，食品保质期是生产厂家对产品作出的质量承诺，只要在保质期内，食品就是安全的。\n\n选购临期食品时注意：1.检查包装是否完好 2.查看储存条件是否符合要求 3.优先选择营养成分流失较少的食品 4.即食类临期食品应尽快食用。\n\n临期食品不仅安全，而且价格实惠，选择临期食品是一种理性消费、绿色消费的表现。', '/images/articles/001.jpg', 1, 1256, 1, DATE_SUB(NOW(), INTERVAL 30 DAY)),
('这5类人群要多吃高纤维食物', '膳食纤维对肠道健康的重要性', '膳食纤维被称为第七大营养素，以下5类人群尤其需要增加膳食纤维的摄入：\n\n1.便秘人群：膳食纤维能增加粪便体积，促进肠道蠕动\n2.减肥人群：高纤维食物饱腹感强，可以减少进食量\n3.糖尿病患者：膳食纤维能延缓糖分吸收，平稳血糖\n4.血脂异常人群：可溶性膳食纤维能降低胆固醇吸收\n5.肠道菌群失调人群：膳食纤维是益生菌的食物\n\n富含膳食纤维的食物包括：全谷物、豆类、蔬菜、水果、坚果等。', '/images/articles/002.jpg', 1, 892, 1, DATE_SUB(NOW(), INTERVAL 25 DAY)),
('健身人群蛋白质摄入指南', '科学补充蛋白质，打造健康体态', '对于健身人群来说，蛋白质是肌肉修复和生长的关键营养素。\n\n蛋白质需求计算：久坐人群0.8g/kg体重/天；常规健身1.2-1.6g/kg体重/天；高强度训练1.6-2.2g/kg体重/天。\n\n优质蛋白质来源：动物蛋白（鸡胸肉、牛肉、鱼虾、鸡蛋、牛奶）和植物蛋白（豆腐、豆浆、藜麦、坚果）。\n\n增肌期建议每餐摄入20-40g蛋白质，分布在4-5餐中。训练后30分钟内是蛋白质补充的黄金时间。', '/images/articles/003.jpg', 1, 1567, 1, DATE_SUB(NOW(), INTERVAL 20 DAY)),
('春季养生，这些蔬菜要多吃', '春季应季蔬菜推荐', '春季是万物复苏的季节，也是养生的好时节。以下几种应季蔬菜既新鲜又营养：\n\n1.菠菜：春季菠菜最为鲜嫩，富含铁、叶酸和维生素K\n2.春笋：低脂肪、低糖、高纤维，富含氨基酸\n3.香椿：富含维生素E和香椿素，有抗菌消炎功效\n4.荠菜：富含钙、铁和维生素C，有明目养肝的作用\n5.豌豆苗：富含维生素A、C和叶酸，口感清爽', '/images/articles/004.jpg', 1, 654, 1, DATE_SUB(NOW(), INTERVAL 15 DAY)),
('超市临期食品区到底藏着哪些宝贝', '临期食品购物攻略', '越来越多的超市设立了临期食品专区，这里究竟藏着哪些宝贝？\n\n1.乳制品：临期酸奶和牛奶通常打5折左右，营养价值几乎不变\n2.进口零食：进口饼干、巧克力因为运输时间长，到国内时已临近保质期，价格却很实惠\n3.调味品：临期酱油、醋等只要保存得当，口感和营养与新的一样\n4.谷物麦片：即食麦片保质期相对较短，临期产品价格实惠\n\n购物小贴士：购买临期食品时仔细检查包装，选择可靠渠道，一次不要买太多。', '/images/articles/005.jpg', 1, 2341, 1, DATE_SUB(NOW(), INTERVAL 10 DAY)),
('儿童营养均衡怎么吃', '0-12岁儿童膳食指南', '儿童正处于生长发育的关键时期，营养均衡至关重要。\n\n0-6个月：母乳是最佳食物\n6-12个月：逐步添加辅食，从高铁米粉开始\n1-3岁：每日奶量500ml，蛋类1个，荤菜50g，蔬菜水果各100g\n4-6岁：注意三餐规律，少吃零食，多晒太阳促进钙吸收\n7-12岁：每天1-2杯牛奶，保证足够的蛋白质和钙摄入\n\n禁忌：避免给儿童食用整颗坚果、果冻等易窒息食物，以及含糖饮料和高盐零食。', '/images/articles/006.jpg', 1, 1876, 1, DATE_SUB(NOW(), INTERVAL 5 DAY));

-- ==================== 社区帖子 ====================
INSERT INTO community_post (user_id, title, content, img_list, like_count, comment_count, audit_status, create_time) VALUES
(2, '分享我的减脂餐打卡第30天成果', '坚持一个月临期食品减脂餐，成功瘦了8斤！每天用临期鸡胸肉和西兰花做晚餐，省钱又健康。', '/images/community/001.jpg', 89, 23, '已通过', DATE_SUB(NOW(), INTERVAL 3 DAY)),
(100, '第一次买临期食品，没想到这么便宜！', '在平台上买了临期零食大礼包，原价158元只花了79元，味道和新的一样。以后零食就锁定这里了！', '/images/community/002.jpg', 156, 42, '已通过', DATE_SUB(NOW(), INTERVAL 5 DAY)),
(101, '家常菜分享：临期食材也能做出美味', '用临期的土豆和番茄做了一道番茄土豆炖牛腩，味道超级棒！原来临期食品只要保存得当，做出来的菜一样美味。', '/images/community/003.jpg', 234, 67, '已通过', DATE_SUB(NOW(), INTERVAL 7 DAY)),
(102, '健身党福利：临期鸡胸肉评测', '测评了5款临期鸡胸肉，价格比正期便宜50%，口感和营养几乎没差别。这些品牌的鸡胸肉临期也很新鲜！', '/images/community/004.jpg', 312, 58, '已通过', DATE_SUB(NOW(), INTERVAL 10 DAY)),
(103, '学生党必看！我的省钱美食攻略', '作为学生党，我每周都会在临期食品平台采购一次。蒙牛牛奶、德青源鸡蛋、康师傅泡面，每次能省下一半生活费！', '/images/community/005.jpg', 445, 89, '已通过', DATE_SUB(NOW(), INTERVAL 12 DAY)),
(104, '为孩子精选临期食品的一些心得', '给家里小朋友买临期食品，最关注的就是保质期和保存状态。目前买过的临期牛奶和鸡蛋都很满意，关键是要选择正规平台！', '/images/community/006.jpg', 178, 34, '已通过', DATE_SUB(NOW(), INTERVAL 15 DAY)),
(105, '打工人周末厨房：临期食材快手菜', '周末用临期的蔬菜和肉类做了三道快手菜，烤箱烤鸡腿、清炒时蔬、番茄蛋汤，一小时搞定一周的备餐。', '/images/community/007.jpg', 267, 45, '已通过', DATE_SUB(NOW(), INTERVAL 18 DAY)),
(106, '环保主义者谈临期食品：减少浪费从我做起', '作为一个环保主义者，我非常支持临期食品的理念。每购买一份临期食品，就是减少一份食物浪费。希望更多人加入绿色消费！', '/images/community/008.jpg', 523, 78, '已通过', DATE_SUB(NOW(), INTERVAL 20 DAY)),
(107, '控制三高这一年，我的饮食调整心得', '自从查出高血脂后开始注重饮食调整。平台上有很多适合三高人群的临期食品，无糖酸奶、高纤维燕麦等，价格实惠品质也好。', '/images/community/009.jpg', 198, 29, '已通过', DATE_SUB(NOW(), INTERVAL 22 DAY)),
(108, '宿舍生存指南：适合学生党的临期美食', '在宿舍不方便做饭，我一般买即食类临期食品。自热火锅、速食面、能量棒，价格便宜又方便，考试周全靠这些续命！', '/images/community/010.jpg', 389, 67, '已通过', DATE_SUB(NOW(), INTERVAL 25 DAY));

-- ==================== 社区评论 ====================
INSERT INTO community_comment (post_id, user_id, content, create_time) VALUES
(1, 100, '太厉害了！我也想试试减脂餐，有什么推荐吗？', DATE_SUB(NOW(), INTERVAL 2 DAY)),
(1, 101, '鸡胸肉搭配西兰花确实经典，我也经常这样做。', DATE_SUB(NOW(), INTERVAL 2 DAY)),
(2, 2, '确实，临期零食性价比超高！', DATE_SUB(NOW(), INTERVAL 4 DAY)),
(2, 104, '第一次买临期食品有点担心，后来发现品质很好。', DATE_SUB(NOW(), INTERVAL 4 DAY)),
(3, 102, '番茄土豆炖牛腩太香了！求详细做法！', DATE_SUB(NOW(), INTERVAL 6 DAY)),
(4, 100, '健身党狂喜！临期鸡胸肉简直是省钱神器。', DATE_SUB(NOW(), INTERVAL 9 DAY)),
(5, 107, '学生党太需要了！我每周都来采购。', DATE_SUB(NOW(), INTERVAL 11 DAY)),
(6, 115, '给小朋友买食品最重要的是安全，平台这点做得很好。', DATE_SUB(NOW(), INTERVAL 14 DAY)),
(7, 101, '周末备餐是个好习惯，能省很多时间。', DATE_SUB(NOW(), INTERVAL 17 DAY)),
(8, 102, '支持绿色消费！减少食物浪费是每个人的责任。', DATE_SUB(NOW(), INTERVAL 19 DAY)),
(9, 103, '三高人群饮食确实要特别注意，感谢分享！', DATE_SUB(NOW(), INTERVAL 21 DAY)),
(10, 104, '宿舍党的救星！自热火锅太方便了。', DATE_SUB(NOW(), INTERVAL 24 DAY));

-- ==================== 积分商品 ====================
INSERT INTO points_goods (goods_name, point_cost, stock_qty, cover_img, description, status, deleted) VALUES
('环保帆布袋', 200, 100, '/images/points/001.jpg', '可重复使用的环保帆布袋，减少一次性塑料袋使用', 1, 0),
('不锈钢吸管套装', 300, 80, '/images/points/002.jpg', '便携不锈钢吸管套装，含吸管+刷子，环保出行必备', 1, 0),
('有机棉毛巾', 500, 50, '/images/points/003.jpg', '100%有机棉，柔软亲肤，节能减排从我做起', 1, 0),
('绿色积分徽章', 100, 200, '/images/points/004.jpg', '平台专属荣誉徽章，象征绿色生活践行者', 1, 0),
('植物种子套装', 400, 60, '/images/points/005.jpg', '包含5种蔬菜/香草种子，在家也能体验种植乐趣', 1, 0),
('环保保温杯', 800, 30, '/images/points/006.jpg', '304不锈钢保温杯，600ml容量，减少一次性杯使用', 1, 0);

-- ==================== 积分记录 ====================
INSERT INTO points_record (user_id, change_type, change_value, source_type, remark, create_time) VALUES
(2, 'earn', 500, '注册奖励', '新用户注册赠送', DATE_SUB(NOW(), INTERVAL 60 DAY)),
(2, 'earn', 10, '每日签到', '连续签到', DATE_SUB(NOW(), INTERVAL 30 DAY)),
(2, 'earn', 10, '每日签到', '连续签到', DATE_SUB(NOW(), INTERVAL 29 DAY)),
(2, 'earn', 50, '首单奖励', '首单完成奖励', DATE_SUB(NOW(), INTERVAL 28 DAY)),
(2, 'spend', 200, '积分兑换', '兑换环保帆布袋', DATE_SUB(NOW(), INTERVAL 25 DAY)),
(100, 'earn', 500, '注册奖励', '新用户注册赠送', DATE_SUB(NOW(), INTERVAL 55 DAY)),
(100, 'earn', 50, '首单奖励', '首单完成奖励', DATE_SUB(NOW(), INTERVAL 50 DAY)),
(100, 'spend', 300, '积分兑换', '兑换不锈钢吸管套装', DATE_SUB(NOW(), INTERVAL 40 DAY)),
(101, 'earn', 500, '注册奖励', '新用户注册赠送', DATE_SUB(NOW(), INTERVAL 50 DAY)),
(101, 'earn', 100, '购物返积分', '订单返积分', DATE_SUB(NOW(), INTERVAL 40 DAY)),
(102, 'earn', 500, '注册奖励', '新用户注册赠送', DATE_SUB(NOW(), INTERVAL 45 DAY)),
(102, 'earn', 200, '购物返积分', '订单返积分', DATE_SUB(NOW(), INTERVAL 30 DAY)),
(102, 'spend', 400, '积分兑换', '兑换植物种子套装', DATE_SUB(NOW(), INTERVAL 20 DAY)),
(103, 'earn', 500, '注册奖励', '新用户注册赠送', DATE_SUB(NOW(), INTERVAL 40 DAY)),
(104, 'earn', 500, '注册奖励', '新用户注册赠送', DATE_SUB(NOW(), INTERVAL 35 DAY)),
(105, 'earn', 500, '注册奖励', '新用户注册赠送', DATE_SUB(NOW(), INTERVAL 30 DAY)),
(105, 'earn', 10, '每日签到', '签到奖励', DATE_SUB(NOW(), INTERVAL 15 DAY)),
(106, 'earn', 500, '注册奖励', '新用户注册赠送', DATE_SUB(NOW(), INTERVAL 25 DAY)),
(107, 'earn', 500, '注册奖励', '新用户注册赠送', DATE_SUB(NOW(), INTERVAL 20 DAY)),
(108, 'earn', 500, '注册奖励', '新用户注册赠送', DATE_SUB(NOW(), INTERVAL 15 DAY)),
(109, 'earn', 500, '注册奖励', '新用户注册赠送', DATE_SUB(NOW(), INTERVAL 10 DAY)),
(110, 'earn', 500, '注册奖励', '新用户注册赠送', DATE_SUB(NOW(), INTERVAL 8 DAY)),
(111, 'earn', 500, '注册奖励', '新用户注册赠送', DATE_SUB(NOW(), INTERVAL 5 DAY)),
(112, 'earn', 500, '注册奖励', '新用户注册赠送', DATE_SUB(NOW(), INTERVAL 3 DAY)),
(113, 'earn', 500, '注册奖励', '新用户注册赠送', DATE_SUB(NOW(), INTERVAL 2 DAY)),
(114, 'earn', 500, '注册奖励', '新用户注册赠送', DATE_SUB(NOW(), INTERVAL 1 DAY)),
(115, 'earn', 500, '注册奖励', '新用户注册赠送', DATE_SUB(NOW(), INTERVAL 1 DAY));

-- ==================== 公告 ====================
INSERT INTO sys_notice (title, content, publisher_id, status, deleted, publish_time) VALUES
('系统上线公告', '城市临期食品分发与膳食个性化推荐系统正式上线！注册即领500绿色积分，首单立减5元。', 1, 1, 0, DATE_SUB(NOW(), INTERVAL 30 DAY)),
('新功能上线：智能推荐系统', '全新个性化推荐系统上线，基于您的饮食偏好和行为记录为您推荐最适合的临期食品。', 1, 1, 0, DATE_SUB(NOW(), INTERVAL 15 DAY)),
('积分商城上线公告', '绿色积分商城正式上线！可用积分兑换环保礼品，为地球减负。', 1, 1, 0, DATE_SUB(NOW(), INTERVAL 10 DAY));
