-- ============================================================
-- 临期食品种子数据：50 条临期食品（保质期剩余 3~10 天）
-- 生成时间：2026/4/7 00:22:32
-- 图片策略：带 emoji + 分类配色的 SVG 图，完全离线
-- ============================================================

-- 商家数据（3 条）
INSERT IGNORE INTO food_merchant (merchant_id, merchant_name, contact_name, contact_phone, address, status, deleted, create_time) VALUES
(1, '城市绿色供应链', '张经理', '13800001111', '上海市浦东新区绿色物流园', 1, 0, NOW()),
(2, '临期优选直供', '李经理', '13900002222', '北京市朝阳区望京仓储中心', 1, 0, NOW()),
(3, '社区食品分发站', '王主管', '13700003333', '广州市天河区社区配送中心', 1, 0, NOW());

-- 分类数据（6 条）
INSERT IGNORE INTO food_category (category_id, category_name, description, sort_no, status, deleted) VALUES
(1, '新鲜果蔬', '当季新鲜蔬菜水果', 1, 1, 0),
(2, '肉禽蛋奶', '肉类、禽类、蛋类、奶制品', 2, 1, 0),
(3, '休闲零食', '饼干、坚果、糖果等', 3, 1, 0),
(4, '粮油调味', '食用油、调味品、粮食', 4, 1, 0),
(5, '速食冷冻', '方便食品、冷冻食品', 5, 1, 0),
(6, '酒水饮料', '矿泉水、果汁、饮料等', 6, 1, 0);

-- 先清空旧数据，确保干净插入
DELETE FROM food WHERE food_id > 0;

-- 临期食品数据（50 条，expire_date: 2026-04-09 ~ 2026-04-16）
-- 图片：带 emoji + 分类配色的 SVG data URI，完全离线可用
INSERT INTO food (food_id, merchant_id, category_id, food_name, origin_price, discount_price, stock_qty, expire_date, nutrition_desc, suitable_people, allergen_info, taste_desc, cover_img, description, status, deleted, create_time, update_time) VALUES
  (1, 1, 1, '有机小番茄 500g', 12.8, 6.4, 80, '2026-04-09 23:59:59', '富含番茄红素、维生素C，高纤维低热量', '减肥人群、上班族', '无', '酸甜多汁，皮薄肉嫩', 'data:image/svg+xml;base64,PHN2ZyB4bWxucz0iaHR0cDovL3d3dy53My5vcmcvMjAwMC9zdmciIHdpZHRoPSI0MDAiIGhlaWdodD0iMzAwIiB2aWV3Qm94PSIwIDAgNDAwIDMwMCI+CiAgPHJlY3Qgd2lkdGg9IjQwMCIgaGVpZ2h0PSIzMDAiIGZpbGw9IiNFNzRDM0MiIHJ4PSIwIi8+CiAgPHJlY3Qgd2lkdGg9IjQwMCIgaGVpZ2h0PSIzMDAiIGZpbGw9Im5vbmUiIHN0cm9rZT0icmdiYSgwLDAsMCwwLjA1KSIgc3Ryb2tlLXdpZHRoPSIxIi8+CiAgPHRleHQgeD0iMjAwIiB5PSIxMTAiIGZvbnQtc2l6ZT0iNzIiIHRleHQtYW5jaG9yPSJtaWRkbGUiPvCfjYU8L3RleHQ+CiAgPHRleHQgeD0iMjAwIiB5PSIxOTAiIGZvbnQtc2l6ZT0iMjIiIGZvbnQtd2VpZ2h0PSI5MDAiIGZpbGw9IndoaXRlIiB0ZXh0LWFuY2hvcj0ibWlkZGxlIiBmb250LWZhbWlseT0ic2Fucy1zZXJpZiI+5pyJ5py65bCP55Wq6IyEIDUwMGc8L3RleHQ+CiAgPHRleHQgeD0iMjAwIiB5PSIyMzAiIGZvbnQtc2l6ZT0iMTQiIGZpbGw9InJnYmEoMjU1LDI1NSwyNTUsMC43NSkiIHRleHQtYW5jaG9yPSJtaWRkbGUiIGZvbnQtZmFtaWx5PSJzYW5zLXNlcmlmIj7kuLTmnJ/lpb3niakgNeaKmOi1tzwvdGV4dD4KPC9zdmc+', '来自云南有机种植基地，自然成熟，口感酸甜，番茄红素含量高，可生吃可熟食。', 1, 0, NOW(), NOW()),
  (2, 1, 1, '新鲜西蓝花 约400g', 9.9, 4.95, 60, '2026-04-10 23:59:59', '高维生素C、高纤维，含萝卜硫素', '健身人群、三高人群', '无', '清脆爽口，营养丰富', 'data:image/svg+xml;base64,PHN2ZyB4bWxucz0iaHR0cDovL3d3dy53My5vcmcvMjAwMC9zdmciIHdpZHRoPSI0MDAiIGhlaWdodD0iMzAwIiB2aWV3Qm94PSIwIDAgNDAwIDMwMCI+CiAgPHJlY3Qgd2lkdGg9IjQwMCIgaGVpZ2h0PSIzMDAiIGZpbGw9IiMyN0FFNjAiIHJ4PSIwIi8+CiAgPHJlY3Qgd2lkdGg9IjQwMCIgaGVpZ2h0PSIzMDAiIGZpbGw9Im5vbmUiIHN0cm9rZT0icmdiYSgwLDAsMCwwLjA1KSIgc3Ryb2tlLXdpZHRoPSIxIi8+CiAgPHRleHQgeD0iMjAwIiB5PSIxMTAiIGZvbnQtc2l6ZT0iNzIiIHRleHQtYW5jaG9yPSJtaWRkbGUiPvCfpaY8L3RleHQ+CiAgPHRleHQgeD0iMjAwIiB5PSIxOTAiIGZvbnQtc2l6ZT0iMjIiIGZvbnQtd2VpZ2h0PSI5MDAiIGZpbGw9IndoaXRlIiB0ZXh0LWFuY2hvcj0ibWlkZGxlIiBmb250LWZhbWlseT0ic2Fucy1zZXJpZiI+5paw6bKc6KW/6JOd6IqxIOe6pjQwMGc8L3RleHQ+CiAgPHRleHQgeD0iMjAwIiB5PSIyMzAiIGZvbnQtc2l6ZT0iMTQiIGZpbGw9InJnYmEoMjU1LDI1NSwyNTUsMC43NSkiIHRleHQtYW5jaG9yPSJtaWRkbGUiIGZvbnQtZmFtaWx5PSJzYW5zLXNlcmlmIj7kuLTmnJ/lpb3niakgNeaKmOi1tzwvdGV4dD4KPC9zdmc+', '西蓝花富含维生素K、C和叶酸，萝卜硫素具有抗氧化作用，清蒸或清炒均可。', 1, 0, NOW(), NOW()),
  (3, 2, 1, '云南高原蓝莓 125g*2盒', 35.6, 17.8, 40, '2026-04-09 23:59:59', '富含花青素、维生素E，保护视力', '学生、上班族、爱美人士', '无', '果香浓郁，颗颗饱满', 'data:image/svg+xml;base64,PHN2ZyB4bWxucz0iaHR0cDovL3d3dy53My5vcmcvMjAwMC9zdmciIHdpZHRoPSI0MDAiIGhlaWdodD0iMzAwIiB2aWV3Qm94PSIwIDAgNDAwIDMwMCI+CiAgPHJlY3Qgd2lkdGg9IjQwMCIgaGVpZ2h0PSIzMDAiIGZpbGw9IiMyOTgwQjkiIHJ4PSIwIi8+CiAgPHJlY3Qgd2lkdGg9IjQwMCIgaGVpZ2h0PSIzMDAiIGZpbGw9Im5vbmUiIHN0cm9rZT0icmdiYSgwLDAsMCwwLjA1KSIgc3Ryb2tlLXdpZHRoPSIxIi8+CiAgPHRleHQgeD0iMjAwIiB5PSIxMTAiIGZvbnQtc2l6ZT0iNzIiIHRleHQtYW5jaG9yPSJtaWRkbGUiPvCfq5A8L3RleHQ+CiAgPHRleHQgeD0iMjAwIiB5PSIxOTAiIGZvbnQtc2l6ZT0iMjIiIGZvbnQtd2VpZ2h0PSI5MDAiIGZpbGw9IndoaXRlIiB0ZXh0LWFuY2hvcj0ibWlkZGxlIiBmb250LWZhbWlseT0ic2Fucy1zZXJpZiI+5LqR5Y2X6auY5Y6f6JOd6I6TIDEyNWcqMuebkjwvdGV4dD4KICA8dGV4dCB4PSIyMDAiIHk9IjIzMCIgZm9udC1zaXplPSIxNCIgZmlsbD0icmdiYSgyNTUsMjU1LDI1NSwwLjc1KSIgdGV4dC1hbmNob3I9Im1pZGRsZSIgZm9udC1mYW1pbHk9InNhbnMtc2VyaWYiPuS4tOacn+WlveeJqSA15oqY6LW3PC90ZXh0Pgo8L3N2Zz4=', '云南高原种植，花青素含量极高，每天一小盒保护眼睛健康。', 1, 0, NOW(), NOW()),
  (4, 2, 1, '应季青苹果 4个装', 18, 9, 50, '2026-04-11 23:59:59', '富含果胶、维生素C，促进消化', '所有人群', '无', '酸甜清脆，多汁爽口', 'data:image/svg+xml;base64,PHN2ZyB4bWxucz0iaHR0cDovL3d3dy53My5vcmcvMjAwMC9zdmciIHdpZHRoPSI0MDAiIGhlaWdodD0iMzAwIiB2aWV3Qm94PSIwIDAgNDAwIDMwMCI+CiAgPHJlY3Qgd2lkdGg9IjQwMCIgaGVpZ2h0PSIzMDAiIGZpbGw9IiMyN0FFNjAiIHJ4PSIwIi8+CiAgPHJlY3Qgd2lkdGg9IjQwMCIgaGVpZ2h0PSIzMDAiIGZpbGw9Im5vbmUiIHN0cm9rZT0icmdiYSgwLDAsMCwwLjA1KSIgc3Ryb2tlLXdpZHRoPSIxIi8+CiAgPHRleHQgeD0iMjAwIiB5PSIxMTAiIGZvbnQtc2l6ZT0iNzIiIHRleHQtYW5jaG9yPSJtaWRkbGUiPvCfjY88L3RleHQ+CiAgPHRleHQgeD0iMjAwIiB5PSIxOTAiIGZvbnQtc2l6ZT0iMjIiIGZvbnQtd2VpZ2h0PSI5MDAiIGZpbGw9IndoaXRlIiB0ZXh0LWFuY2hvcj0ibWlkZGxlIiBmb250LWZhbWlseT0ic2Fucy1zZXJpZiI+5bqU5a2j6Z2S6Iu55p6cIDTkuKroo4U8L3RleHQ+CiAgPHRleHQgeD0iMjAwIiB5PSIyMzAiIGZvbnQtc2l6ZT0iMTQiIGZpbGw9InJnYmEoMjU1LDI1NSwyNTUsMC43NSkiIHRleHQtYW5jaG9yPSJtaWRkbGUiIGZvbnQtZmFtaWx5PSJzYW5zLXNlcmlmIj7kuLTmnJ/lpb3niakgNeaKmOi1tzwvdGV4dD4KPC9zdmc+', '当季新鲜青苹果，果肉紧实，酸甜可口，富含膳食纤维。', 1, 0, NOW(), NOW()),
  (5, 3, 1, '农家土鸡蛋 10枚装', 22, 11, 70, '2026-04-12 23:59:59', '高蛋白、富含卵磷脂和DHA', '孕妇、儿童、老人', '鸡蛋过敏者禁食', '蛋黄橙红，蛋香浓郁', 'data:image/svg+xml;base64,PHN2ZyB4bWxucz0iaHR0cDovL3d3dy53My5vcmcvMjAwMC9zdmciIHdpZHRoPSI0MDAiIGhlaWdodD0iMzAwIiB2aWV3Qm94PSIwIDAgNDAwIDMwMCI+CiAgPHJlY3Qgd2lkdGg9IjQwMCIgaGVpZ2h0PSIzMDAiIGZpbGw9IiNGMzlDMTIiIHJ4PSIwIi8+CiAgPHJlY3Qgd2lkdGg9IjQwMCIgaGVpZ2h0PSIzMDAiIGZpbGw9Im5vbmUiIHN0cm9rZT0icmdiYSgwLDAsMCwwLjA1KSIgc3Ryb2tlLXdpZHRoPSIxIi8+CiAgPHRleHQgeD0iMjAwIiB5PSIxMTAiIGZvbnQtc2l6ZT0iNzIiIHRleHQtYW5jaG9yPSJtaWRkbGUiPvCfpZo8L3RleHQ+CiAgPHRleHQgeD0iMjAwIiB5PSIxOTAiIGZvbnQtc2l6ZT0iMjIiIGZvbnQtd2VpZ2h0PSI5MDAiIGZpbGw9IndoaXRlIiB0ZXh0LWFuY2hvcj0ibWlkZGxlIiBmb250LWZhbWlseT0ic2Fucy1zZXJpZiI+5Yac5a625Zyf6bih6JuLIDEw5p6a6KOFPC90ZXh0PgogIDx0ZXh0IHg9IjIwMCIgeT0iMjMwIiBmb250LXNpemU9IjE0IiBmaWxsPSJyZ2JhKDI1NSwyNTUsMjU1LDAuNzUpIiB0ZXh0LWFuY2hvcj0ibWlkZGxlIiBmb250LWZhbWlseT0ic2Fucy1zZXJpZiI+5Li05pyf5aW954mpIDXmipjotbc8L3RleHQ+Cjwvc3ZnPg==', '农家放养土鸡所产，蛋黄橙红饱满，蛋香浓郁，营养价值远高于普通鸡蛋。', 1, 0, NOW(), NOW()),
  (6, 1, 1, '新鲜胡萝卜 2根装', 6.5, 3.25, 90, '2026-04-13 23:59:59', '富含β-胡萝卜素，护眼养颜', '儿童、视力疲劳人群', '无', '脆甜爽口，自然清甜', 'data:image/svg+xml;base64,PHN2ZyB4bWxucz0iaHR0cDovL3d3dy53My5vcmcvMjAwMC9zdmciIHdpZHRoPSI0MDAiIGhlaWdodD0iMzAwIiB2aWV3Qm94PSIwIDAgNDAwIDMwMCI+CiAgPHJlY3Qgd2lkdGg9IjQwMCIgaGVpZ2h0PSIzMDAiIGZpbGw9IiNFNjdFMjIiIHJ4PSIwIi8+CiAgPHJlY3Qgd2lkdGg9IjQwMCIgaGVpZ2h0PSIzMDAiIGZpbGw9Im5vbmUiIHN0cm9rZT0icmdiYSgwLDAsMCwwLjA1KSIgc3Ryb2tlLXdpZHRoPSIxIi8+CiAgPHRleHQgeD0iMjAwIiB5PSIxMTAiIGZvbnQtc2l6ZT0iNzIiIHRleHQtYW5jaG9yPSJtaWRkbGUiPvCfpZU8L3RleHQ+CiAgPHRleHQgeD0iMjAwIiB5PSIxOTAiIGZvbnQtc2l6ZT0iMjIiIGZvbnQtd2VpZ2h0PSI5MDAiIGZpbGw9IndoaXRlIiB0ZXh0LWFuY2hvcj0ibWlkZGxlIiBmb250LWZhbWlseT0ic2Fucy1zZXJpZiI+5paw6bKc6IOh6JCd5Y2cIDLmoLnoo4U8L3RleHQ+CiAgPHRleHQgeD0iMjAwIiB5PSIyMzAiIGZvbnQtc2l6ZT0iMTQiIGZpbGw9InJnYmEoMjU1LDI1NSwyNTUsMC43NSkiIHRleHQtYW5jaG9yPSJtaWRkbGUiIGZvbnQtZmFtaWx5PSJzYW5zLXNlcmlmIj7kuLTmnJ/lpb3niakgNeaKmOi1tzwvdGV4dD4KPC9zdmc+', '当季新鲜胡萝卜，笔直饱满，颜色橙红，β-胡萝卜素含量高，口感脆甜。', 1, 0, NOW(), NOW()),
  (7, 2, 1, '海南金煌芒果 2个', 28, 14, 45, '2026-04-10 23:59:59', '富含维生素A、C，膳食纤维丰富', '所有人群', '芒果过敏者禁食', '果肉金黄，香甜软糯', 'data:image/svg+xml;base64,PHN2ZyB4bWxucz0iaHR0cDovL3d3dy53My5vcmcvMjAwMC9zdmciIHdpZHRoPSI0MDAiIGhlaWdodD0iMzAwIiB2aWV3Qm94PSIwIDAgNDAwIDMwMCI+CiAgPHJlY3Qgd2lkdGg9IjQwMCIgaGVpZ2h0PSIzMDAiIGZpbGw9IiNGMzlDMTIiIHJ4PSIwIi8+CiAgPHJlY3Qgd2lkdGg9IjQwMCIgaGVpZ2h0PSIzMDAiIGZpbGw9Im5vbmUiIHN0cm9rZT0icmdiYSgwLDAsMCwwLjA1KSIgc3Ryb2tlLXdpZHRoPSIxIi8+CiAgPHRleHQgeD0iMjAwIiB5PSIxMTAiIGZvbnQtc2l6ZT0iNzIiIHRleHQtYW5jaG9yPSJtaWRkbGUiPvCfpa08L3RleHQ+CiAgPHRleHQgeD0iMjAwIiB5PSIxOTAiIGZvbnQtc2l6ZT0iMjIiIGZvbnQtd2VpZ2h0PSI5MDAiIGZpbGw9IndoaXRlIiB0ZXh0LWFuY2hvcj0ibWlkZGxlIiBmb250LWZhbWlseT0ic2Fucy1zZXJpZiI+5rW35Y2X6YeR54WM6IqS5p6cIDLkuKo8L3RleHQ+CiAgPHRleHQgeD0iMjAwIiB5PSIyMzAiIGZvbnQtc2l6ZT0iMTQiIGZpbGw9InJnYmEoMjU1LDI1NSwyNTUsMC43NSkiIHRleHQtYW5jaG9yPSJtaWRkbGUiIGZvbnQtZmFtaWx5PSJzYW5zLXNlcmlmIj7kuLTmnJ/lpb3niakgNeaKmOi1tzwvdGV4dD4KPC9zdmc+', '海南金煌芒果，果肉金黄无纤维，香甜软糯，入口即化，老少皆宜。', 1, 0, NOW(), NOW()),
  (8, 3, 1, '新鲜菠菜 300g', 8.8, 4.4, 65, '2026-04-09 23:59:59', '富含铁、叶酸和维生素K', '贫血人群、孕妇', '草酸结石患者慎食', '嫩绿清甜，口感柔滑', 'data:image/svg+xml;base64,PHN2ZyB4bWxucz0iaHR0cDovL3d3dy53My5vcmcvMjAwMC9zdmciIHdpZHRoPSI0MDAiIGhlaWdodD0iMzAwIiB2aWV3Qm94PSIwIDAgNDAwIDMwMCI+CiAgPHJlY3Qgd2lkdGg9IjQwMCIgaGVpZ2h0PSIzMDAiIGZpbGw9IiMyN0FFNjAiIHJ4PSIwIi8+CiAgPHJlY3Qgd2lkdGg9IjQwMCIgaGVpZ2h0PSIzMDAiIGZpbGw9Im5vbmUiIHN0cm9rZT0icmdiYSgwLDAsMCwwLjA1KSIgc3Ryb2tlLXdpZHRoPSIxIi8+CiAgPHRleHQgeD0iMjAwIiB5PSIxMTAiIGZvbnQtc2l6ZT0iNzIiIHRleHQtYW5jaG9yPSJtaWRkbGUiPvCfpaw8L3RleHQ+CiAgPHRleHQgeD0iMjAwIiB5PSIxOTAiIGZvbnQtc2l6ZT0iMjIiIGZvbnQtd2VpZ2h0PSI5MDAiIGZpbGw9IndoaXRlIiB0ZXh0LWFuY2hvcj0ibWlkZGxlIiBmb250LWZhbWlseT0ic2Fucy1zZXJpZiI+5paw6bKc6I+g6I+cIDMwMGc8L3RleHQ+CiAgPHRleHQgeD0iMjAwIiB5PSIyMzAiIGZvbnQtc2l6ZT0iMTQiIGZpbGw9InJnYmEoMjU1LDI1NSwyNTUsMC43NSkiIHRleHQtYW5jaG9yPSJtaWRkbGUiIGZvbnQtZmFtaWx5PSJzYW5zLXNlcmlmIj7kuLTmnJ/lpb3niakgNeaKmOi1tzwvdGV4dD4KPC9zdmc+', '新鲜嫩菠菜，叶片翠绿饱满，富含铁元素和叶酸，适合清炒或做汤。', 1, 0, NOW(), NOW()),
  (9, 1, 2, '冷鲜五花肉 300g', 32, 16, 35, '2026-04-10 23:59:59', '富含蛋白质和B族维生素', '所有人群', '无', '肥瘦相间，肉质鲜嫩', 'data:image/svg+xml;base64,PHN2ZyB4bWxucz0iaHR0cDovL3d3dy53My5vcmcvMjAwMC9zdmciIHdpZHRoPSI0MDAiIGhlaWdodD0iMzAwIiB2aWV3Qm94PSIwIDAgNDAwIDMwMCI+CiAgPHJlY3Qgd2lkdGg9IjQwMCIgaGVpZ2h0PSIzMDAiIGZpbGw9IiNDMDM5MkIiIHJ4PSIwIi8+CiAgPHJlY3Qgd2lkdGg9IjQwMCIgaGVpZ2h0PSIzMDAiIGZpbGw9Im5vbmUiIHN0cm9rZT0icmdiYSgwLDAsMCwwLjA1KSIgc3Ryb2tlLXdpZHRoPSIxIi8+CiAgPHRleHQgeD0iMjAwIiB5PSIxMTAiIGZvbnQtc2l6ZT0iNzIiIHRleHQtYW5jaG9yPSJtaWRkbGUiPvCfpak8L3RleHQ+CiAgPHRleHQgeD0iMjAwIiB5PSIxOTAiIGZvbnQtc2l6ZT0iMjIiIGZvbnQtd2VpZ2h0PSI5MDAiIGZpbGw9IndoaXRlIiB0ZXh0LWFuY2hvcj0ibWlkZGxlIiBmb250LWZhbWlseT0ic2Fucy1zZXJpZiI+5Ya36bKc5LqU6Iqx6IKJIDMwMGc8L3RleHQ+CiAgPHRleHQgeD0iMjAwIiB5PSIyMzAiIGZvbnQtc2l6ZT0iMTQiIGZpbGw9InJnYmEoMjU1LDI1NSwyNTUsMC43NSkiIHRleHQtYW5jaG9yPSJtaWRkbGUiIGZvbnQtZmFtaWx5PSJzYW5zLXNlcmlmIj7kuLTmnJ/lpb3niakgNeaKmOi1tzwvdGV4dD4KPC9zdmc+', '冷鲜五花肉，肥瘦相间三七开，肉质细腻，适合红烧、烤肉、做回锅肉。', 1, 0, NOW(), NOW()),
  (10, 1, 2, '德青源鲜鸡蛋 12枚', 19.8, 9.9, 55, '2026-04-14 23:59:59', '高蛋白、DHA、硒元素', '全家适用', '鸡蛋过敏者禁食', '蛋黄饱满，蛋香浓郁', 'data:image/svg+xml;base64,PHN2ZyB4bWxucz0iaHR0cDovL3d3dy53My5vcmcvMjAwMC9zdmciIHdpZHRoPSI0MDAiIGhlaWdodD0iMzAwIiB2aWV3Qm94PSIwIDAgNDAwIDMwMCI+CiAgPHJlY3Qgd2lkdGg9IjQwMCIgaGVpZ2h0PSIzMDAiIGZpbGw9IiNGMzlDMTIiIHJ4PSIwIi8+CiAgPHJlY3Qgd2lkdGg9IjQwMCIgaGVpZ2h0PSIzMDAiIGZpbGw9Im5vbmUiIHN0cm9rZT0icmdiYSgwLDAsMCwwLjA1KSIgc3Ryb2tlLXdpZHRoPSIxIi8+CiAgPHRleHQgeD0iMjAwIiB5PSIxMTAiIGZvbnQtc2l6ZT0iNzIiIHRleHQtYW5jaG9yPSJtaWRkbGUiPvCfpZo8L3RleHQ+CiAgPHRleHQgeD0iMjAwIiB5PSIxOTAiIGZvbnQtc2l6ZT0iMjIiIGZvbnQtd2VpZ2h0PSI5MDAiIGZpbGw9IndoaXRlIiB0ZXh0LWFuY2hvcj0ibWlkZGxlIiBmb250LWZhbWlseT0ic2Fucy1zZXJpZiI+5b636Z2S5rqQ6bKc6bih6JuLIDEy5p6aPC90ZXh0PgogIDx0ZXh0IHg9IjIwMCIgeT0iMjMwIiBmb250LXNpemU9IjE0IiBmaWxsPSJyZ2JhKDI1NSwyNTUsMjU1LDAuNzUpIiB0ZXh0LWFuY2hvcj0ibWlkZGxlIiBmb250LWZhbWlseT0ic2Fucy1zZXJpZiI+5Li05pyf5aW954mpIDXmipjotbc8L3RleHQ+Cjwvc3ZnPg==', '德青源A级鲜鸡蛋，蛋黄饱满橙红，蛋香浓郁，适合水煮、炒蛋、蒸蛋。', 1, 0, NOW(), NOW()),
  (11, 2, 2, '鸡胸肉即食鸡胸 100g*3袋', 42, 21, 40, '2026-04-11 23:59:59', '高蛋白低脂肪，每100g含蛋白质25g', '健身人群、减脂人群', '无', '肉质细嫩，低脂健康', 'data:image/svg+xml;base64,PHN2ZyB4bWxucz0iaHR0cDovL3d3dy53My5vcmcvMjAwMC9zdmciIHdpZHRoPSI0MDAiIGhlaWdodD0iMzAwIiB2aWV3Qm94PSIwIDAgNDAwIDMwMCI+CiAgPHJlY3Qgd2lkdGg9IjQwMCIgaGVpZ2h0PSIzMDAiIGZpbGw9IiNFOEE4N0MiIHJ4PSIwIi8+CiAgPHJlY3Qgd2lkdGg9IjQwMCIgaGVpZ2h0PSIzMDAiIGZpbGw9Im5vbmUiIHN0cm9rZT0icmdiYSgwLDAsMCwwLjA1KSIgc3Ryb2tlLXdpZHRoPSIxIi8+CiAgPHRleHQgeD0iMjAwIiB5PSIxMTAiIGZvbnQtc2l6ZT0iNzIiIHRleHQtYW5jaG9yPSJtaWRkbGUiPvCfjZc8L3RleHQ+CiAgPHRleHQgeD0iMjAwIiB5PSIxOTAiIGZvbnQtc2l6ZT0iMjIiIGZvbnQtd2VpZ2h0PSI5MDAiIGZpbGw9IndoaXRlIiB0ZXh0LWFuY2hvcj0ibWlkZGxlIiBmb250LWZhbWlseT0ic2Fucy1zZXJpZiI+6bih6IO46IKJ5Y2z6aOf6bih6IO4IDEwMGcqM+iiizwvdGV4dD4KICA8dGV4dCB4PSIyMDAiIHk9IjIzMCIgZm9udC1zaXplPSIxNCIgZmlsbD0icmdiYSgyNTUsMjU1LDI1NSwwLjc1KSIgdGV4dC1hbmNob3I9Im1pZGRsZSIgZm9udC1mYW1pbHk9InNhbnMtc2VyaWYiPuS4tOacn+WlveeJqSA15oqY6LW3PC90ZXh0Pgo8L3N2Zz4=', '开袋即食鸡胸肉，低脂高蛋白，口感细嫩不柴，健身减脂必备。', 1, 0, NOW(), NOW()),
  (12, 2, 2, '蒙牛纯牛奶 250ml*16盒', 49.6, 24.8, 60, '2026-04-15 23:59:59', '富含钙质和优质乳蛋白', '儿童、青少年、中老年人', '乳糖不耐受者慎食', '奶香纯正，口感丝滑', 'data:image/svg+xml;base64,PHN2ZyB4bWxucz0iaHR0cDovL3d3dy53My5vcmcvMjAwMC9zdmciIHdpZHRoPSI0MDAiIGhlaWdodD0iMzAwIiB2aWV3Qm94PSIwIDAgNDAwIDMwMCI+CiAgPHJlY3Qgd2lkdGg9IjQwMCIgaGVpZ2h0PSIzMDAiIGZpbGw9IiNFQ0YwRjEiIHJ4PSIwIi8+CiAgPHJlY3Qgd2lkdGg9IjQwMCIgaGVpZ2h0PSIzMDAiIGZpbGw9Im5vbmUiIHN0cm9rZT0icmdiYSgwLDAsMCwwLjA1KSIgc3Ryb2tlLXdpZHRoPSIxIi8+CiAgPHRleHQgeD0iMjAwIiB5PSIxMTAiIGZvbnQtc2l6ZT0iNzIiIHRleHQtYW5jaG9yPSJtaWRkbGUiPvCfpZs8L3RleHQ+CiAgPHRleHQgeD0iMjAwIiB5PSIxOTAiIGZvbnQtc2l6ZT0iMjIiIGZvbnQtd2VpZ2h0PSI5MDAiIGZpbGw9IndoaXRlIiB0ZXh0LWFuY2hvcj0ibWlkZGxlIiBmb250LWZhbWlseT0ic2Fucy1zZXJpZiI+6JKZ54mb57qv54mb5aW2IDI1MG1sKjE255uSPC90ZXh0PgogIDx0ZXh0IHg9IjIwMCIgeT0iMjMwIiBmb250LXNpemU9IjE0IiBmaWxsPSJyZ2JhKDI1NSwyNTUsMjU1LDAuNzUpIiB0ZXh0LWFuY2hvcj0ibWlkZGxlIiBmb250LWZhbWlseT0ic2Fucy1zZXJpZiI+5Li05pyf5aW954mpIDXmipjotbc8L3RleHQ+Cjwvc3ZnPg==', '蒙牛纯牛奶，每100ml含钙120mg、蛋白质3.2g，适合早餐或睡前饮用。', 1, 0, NOW(), NOW()),
  (13, 3, 2, '科尔沁牛肉馅 250g', 28, 14, 30, '2026-04-09 23:59:59', '高蛋白低脂肪，铁锌含量丰富', '所有人群', '无', '肉质细嫩，纹理清晰', 'data:image/svg+xml;base64,PHN2ZyB4bWxucz0iaHR0cDovL3d3dy53My5vcmcvMjAwMC9zdmciIHdpZHRoPSI0MDAiIGhlaWdodD0iMzAwIiB2aWV3Qm94PSIwIDAgNDAwIDMwMCI+CiAgPHJlY3Qgd2lkdGg9IjQwMCIgaGVpZ2h0PSIzMDAiIGZpbGw9IiM5MjJCMjEiIHJ4PSIwIi8+CiAgPHJlY3Qgd2lkdGg9IjQwMCIgaGVpZ2h0PSIzMDAiIGZpbGw9Im5vbmUiIHN0cm9rZT0icmdiYSgwLDAsMCwwLjA1KSIgc3Ryb2tlLXdpZHRoPSIxIi8+CiAgPHRleHQgeD0iMjAwIiB5PSIxMTAiIGZvbnQtc2l6ZT0iNzIiIHRleHQtYW5jaG9yPSJtaWRkbGUiPvCfpak8L3RleHQ+CiAgPHRleHQgeD0iMjAwIiB5PSIxOTAiIGZvbnQtc2l6ZT0iMjIiIGZvbnQtd2VpZ2h0PSI5MDAiIGZpbGw9IndoaXRlIiB0ZXh0LWFuY2hvcj0ibWlkZGxlIiBmb250LWZhbWlseT0ic2Fucy1zZXJpZiI+56eR5bCU5rKB54mb6IKJ6aaFIDI1MGc8L3RleHQ+CiAgPHRleHQgeD0iMjAwIiB5PSIyMzAiIGZvbnQtc2l6ZT0iMTQiIGZpbGw9InJnYmEoMjU1LDI1NSwyNTUsMC43NSkiIHRleHQtYW5jaG9yPSJtaWRkbGUiIGZvbnQtZmFtaWx5PSJzYW5zLXNlcmlmIj7kuLTmnJ/lpb3niakgNeaKmOi1tzwvdGV4dD4KPC9zdmc+', '科尔沁草原牛肉手工绞制，肥瘦比例适中，适合做肉丸、饺子馅、牛肉饼。', 1, 0, NOW(), NOW()),
  (14, 1, 2, '光明原味酸奶 180g*4杯', 24, 12, 50, '2026-04-12 23:59:59', '富含益生菌、钙质和蛋白质', '便秘人群、减肥人群', '乳制品过敏者禁食', '酸甜适中，质地浓稠', 'data:image/svg+xml;base64,PHN2ZyB4bWxucz0iaHR0cDovL3d3dy53My5vcmcvMjAwMC9zdmciIHdpZHRoPSI0MDAiIGhlaWdodD0iMzAwIiB2aWV3Qm94PSIwIDAgNDAwIDMwMCI+CiAgPHJlY3Qgd2lkdGg9IjQwMCIgaGVpZ2h0PSIzMDAiIGZpbGw9IiNGREVCRDAiIHJ4PSIwIi8+CiAgPHJlY3Qgd2lkdGg9IjQwMCIgaGVpZ2h0PSIzMDAiIGZpbGw9Im5vbmUiIHN0cm9rZT0icmdiYSgwLDAsMCwwLjA1KSIgc3Ryb2tlLXdpZHRoPSIxIi8+CiAgPHRleHQgeD0iMjAwIiB5PSIxMTAiIGZvbnQtc2l6ZT0iNzIiIHRleHQtYW5jaG9yPSJtaWRkbGUiPvCfpZs8L3RleHQ+CiAgPHRleHQgeD0iMjAwIiB5PSIxOTAiIGZvbnQtc2l6ZT0iMjIiIGZvbnQtd2VpZ2h0PSI5MDAiIGZpbGw9IndoaXRlIiB0ZXh0LWFuY2hvcj0ibWlkZGxlIiBmb250LWZhbWlseT0ic2Fucy1zZXJpZiI+5YWJ5piO5Y6f5ZGz6YW45aW2IDE4MGcqNOadrzwvdGV4dD4KICA8dGV4dCB4PSIyMDAiIHk9IjIzMCIgZm9udC1zaXplPSIxNCIgZmlsbD0icmdiYSgyNTUsMjU1LDI1NSwwLjc1KSIgdGV4dC1hbmNob3I9Im1pZGRsZSIgZm9udC1mYW1pbHk9InNhbnMtc2VyaWYiPuS4tOacn+WlveeJqSA15oqY6LW3PC90ZXh0Pgo8L3N2Zz4=', '光明原味酸奶，添加活性益生菌，口感浓稠顺滑，0添加明胶。', 1, 0, NOW(), NOW()),
  (15, 3, 2, '盐水鸭即食 300g', 38, 19, 25, '2026-04-13 23:59:59', '富含蛋白质，脂肪含量低', '所有人群', '无', '皮白肉嫩，咸香适中', 'data:image/svg+xml;base64,PHN2ZyB4bWxucz0iaHR0cDovL3d3dy53My5vcmcvMjAwMC9zdmciIHdpZHRoPSI0MDAiIGhlaWdodD0iMzAwIiB2aWV3Qm94PSIwIDAgNDAwIDMwMCI+CiAgPHJlY3Qgd2lkdGg9IjQwMCIgaGVpZ2h0PSIzMDAiIGZpbGw9IiNENEEzNzMiIHJ4PSIwIi8+CiAgPHJlY3Qgd2lkdGg9IjQwMCIgaGVpZ2h0PSIzMDAiIGZpbGw9Im5vbmUiIHN0cm9rZT0icmdiYSgwLDAsMCwwLjA1KSIgc3Ryb2tlLXdpZHRoPSIxIi8+CiAgPHRleHQgeD0iMjAwIiB5PSIxMTAiIGZvbnQtc2l6ZT0iNzIiIHRleHQtYW5jaG9yPSJtaWRkbGUiPvCfpoY8L3RleHQ+CiAgPHRleHQgeD0iMjAwIiB5PSIxOTAiIGZvbnQtc2l6ZT0iMjIiIGZvbnQtd2VpZ2h0PSI5MDAiIGZpbGw9IndoaXRlIiB0ZXh0LWFuY2hvcj0ibWlkZGxlIiBmb250LWZhbWlseT0ic2Fucy1zZXJpZiI+55uQ5rC06bit5Y2z6aOfIDMwMGc8L3RleHQ+CiAgPHRleHQgeD0iMjAwIiB5PSIyMzAiIGZvbnQtc2l6ZT0iMTQiIGZpbGw9InJnYmEoMjU1LDI1NSwyNTUsMC43NSkiIHRleHQtYW5jaG9yPSJtaWRkbGUiIGZvbnQtZmFtaWx5PSJzYW5zLXNlcmlmIj7kuLTmnJ/lpb3niakgNeaKmOi1tzwvdGV4dD4KPC9zdmc+', '正宗南京盐水鸭，皮白肉嫩，咸香适口，开袋即食，冷热皆宜。', 1, 0, NOW(), NOW()),
  (16, 2, 2, '鹌鹑蛋 20枚装', 16, 8, 45, '2026-04-14 23:59:59', '富含卵磷脂、维生素A、铁', '儿童、贫血人群', '鸡蛋过敏者禁食', '小巧圆润，蛋黄饱满', 'data:image/svg+xml;base64,PHN2ZyB4bWxucz0iaHR0cDovL3d3dy53My5vcmcvMjAwMC9zdmciIHdpZHRoPSI0MDAiIGhlaWdodD0iMzAwIiB2aWV3Qm94PSIwIDAgNDAwIDMwMCI+CiAgPHJlY3Qgd2lkdGg9IjQwMCIgaGVpZ2h0PSIzMDAiIGZpbGw9IiNGMzlDMTIiIHJ4PSIwIi8+CiAgPHJlY3Qgd2lkdGg9IjQwMCIgaGVpZ2h0PSIzMDAiIGZpbGw9Im5vbmUiIHN0cm9rZT0icmdiYSgwLDAsMCwwLjA1KSIgc3Ryb2tlLXdpZHRoPSIxIi8+CiAgPHRleHQgeD0iMjAwIiB5PSIxMTAiIGZvbnQtc2l6ZT0iNzIiIHRleHQtYW5jaG9yPSJtaWRkbGUiPvCfpZo8L3RleHQ+CiAgPHRleHQgeD0iMjAwIiB5PSIxOTAiIGZvbnQtc2l6ZT0iMjIiIGZvbnQtd2VpZ2h0PSI5MDAiIGZpbGw9IndoaXRlIiB0ZXh0LWFuY2hvcj0ibWlkZGxlIiBmb250LWZhbWlseT0ic2Fucy1zZXJpZiI+6bmM6bmR6JuLIDIw5p6a6KOFPC90ZXh0PgogIDx0ZXh0IHg9IjIwMCIgeT0iMjMwIiBmb250LXNpemU9IjE0IiBmaWxsPSJyZ2JhKDI1NSwyNTUsMjU1LDAuNzUpIiB0ZXh0LWFuY2hvcj0ibWlkZGxlIiBmb250LWZhbWlseT0ic2Fucy1zZXJpZiI+5Li05pyf5aW954mpIDXmipjotbc8L3RleHQ+Cjwvc3ZnPg==', '新鲜鹌鹑蛋，个头小巧精致，蛋黄比例大，营养价值高于鸡蛋，适合卤制或红烧。', 1, 0, NOW(), NOW()),
  (17, 1, 3, '三只松鼠夏威夷果 260g', 36, 18, 50, '2026-04-10 23:59:59', '富含不饱和脂肪酸和维生素E', '白领、零食爱好者', '对坚果过敏者禁食', '奶香浓郁，果仁饱满', 'data:image/svg+xml;base64,PHN2ZyB4bWxucz0iaHR0cDovL3d3dy53My5vcmcvMjAwMC9zdmciIHdpZHRoPSI0MDAiIGhlaWdodD0iMzAwIiB2aWV3Qm94PSIwIDAgNDAwIDMwMCI+CiAgPHJlY3Qgd2lkdGg9IjQwMCIgaGVpZ2h0PSIzMDAiIGZpbGw9IiM2RDRDNDEiIHJ4PSIwIi8+CiAgPHJlY3Qgd2lkdGg9IjQwMCIgaGVpZ2h0PSIzMDAiIGZpbGw9Im5vbmUiIHN0cm9rZT0icmdiYSgwLDAsMCwwLjA1KSIgc3Ryb2tlLXdpZHRoPSIxIi8+CiAgPHRleHQgeD0iMjAwIiB5PSIxMTAiIGZvbnQtc2l6ZT0iNzIiIHRleHQtYW5jaG9yPSJtaWRkbGUiPvCfjLA8L3RleHQ+CiAgPHRleHQgeD0iMjAwIiB5PSIxOTAiIGZvbnQtc2l6ZT0iMjIiIGZvbnQtd2VpZ2h0PSI5MDAiIGZpbGw9IndoaXRlIiB0ZXh0LWFuY2hvcj0ibWlkZGxlIiBmb250LWZhbWlseT0ic2Fucy1zZXJpZiI+5LiJ5Y+q5p2+6byg5aSP5aiB5aS35p6cIDI2MGc8L3RleHQ+CiAgPHRleHQgeD0iMjAwIiB5PSIyMzAiIGZvbnQtc2l6ZT0iMTQiIGZpbGw9InJnYmEoMjU1LDI1NSwyNTUsMC43NSkiIHRleHQtYW5jaG9yPSJtaWRkbGUiIGZvbnQtZmFtaWx5PSJzYW5zLXNlcmlmIj7kuLTmnJ/lpb3niakgNeaKmOi1tzwvdGV4dD4KPC9zdmc+', '越南进口夏威夷果，奶香浓郁，开口易剥，颗颗饱满，是追剧休闲的最佳伴侣。', 1, 0, NOW(), NOW()),
  (18, 1, 3, '奥利奥夹心饼干 388g', 19.8, 9.9, 70, '2026-04-11 23:59:59', '碳水化合物，提供能量', '儿童、零食爱好者', '小麦、乳制品过敏者禁食', '香甜酥脆，入口即化', 'data:image/svg+xml;base64,PHN2ZyB4bWxucz0iaHR0cDovL3d3dy53My5vcmcvMjAwMC9zdmciIHdpZHRoPSI0MDAiIGhlaWdodD0iMzAwIiB2aWV3Qm94PSIwIDAgNDAwIDMwMCI+CiAgPHJlY3Qgd2lkdGg9IjQwMCIgaGVpZ2h0PSIzMDAiIGZpbGw9IiM0RTM0MkUiIHJ4PSIwIi8+CiAgPHJlY3Qgd2lkdGg9IjQwMCIgaGVpZ2h0PSIzMDAiIGZpbGw9Im5vbmUiIHN0cm9rZT0icmdiYSgwLDAsMCwwLjA1KSIgc3Ryb2tlLXdpZHRoPSIxIi8+CiAgPHRleHQgeD0iMjAwIiB5PSIxMTAiIGZvbnQtc2l6ZT0iNzIiIHRleHQtYW5jaG9yPSJtaWRkbGUiPvCfjao8L3RleHQ+CiAgPHRleHQgeD0iMjAwIiB5PSIxOTAiIGZvbnQtc2l6ZT0iMjIiIGZvbnQtd2VpZ2h0PSI5MDAiIGZpbGw9IndoaXRlIiB0ZXh0LWFuY2hvcj0ibWlkZGxlIiBmb250LWZhbWlseT0ic2Fucy1zZXJpZiI+5aWl5Yip5aWl5aS55b+D6aW85bmyIDM4OGc8L3RleHQ+CiAgPHRleHQgeD0iMjAwIiB5PSIyMzAiIGZvbnQtc2l6ZT0iMTQiIGZpbGw9InJnYmEoMjU1LDI1NSwyNTUsMC43NSkiIHRleHQtYW5jaG9yPSJtaWRkbGUiIGZvbnQtZmFtaWx5PSJzYW5zLXNlcmlmIj7kuLTmnJ/lpb3niakgNeaKmOi1tzwvdGV4dD4KPC9zdmc+', '经典奥利奥夹心饼干，巧克力味浓郁，搭配牛奶风味更佳。', 1, 0, NOW(), NOW()),
  (19, 2, 3, '旺旺雪饼 400g', 16, 8, 80, '2026-04-12 23:59:59', '米制品，碳水化合物来源', '儿童、上班族', '无', '米香清甜，入口即化', 'data:image/svg+xml;base64,PHN2ZyB4bWxucz0iaHR0cDovL3d3dy53My5vcmcvMjAwMC9zdmciIHdpZHRoPSI0MDAiIGhlaWdodD0iMzAwIiB2aWV3Qm94PSIwIDAgNDAwIDMwMCI+CiAgPHJlY3Qgd2lkdGg9IjQwMCIgaGVpZ2h0PSIzMDAiIGZpbGw9IiNGRkY5QzQiIHJ4PSIwIi8+CiAgPHJlY3Qgd2lkdGg9IjQwMCIgaGVpZ2h0PSIzMDAiIGZpbGw9Im5vbmUiIHN0cm9rZT0icmdiYSgwLDAsMCwwLjA1KSIgc3Ryb2tlLXdpZHRoPSIxIi8+CiAgPHRleHQgeD0iMjAwIiB5PSIxMTAiIGZvbnQtc2l6ZT0iNzIiIHRleHQtYW5jaG9yPSJtaWRkbGUiPvCfjZg8L3RleHQ+CiAgPHRleHQgeD0iMjAwIiB5PSIxOTAiIGZvbnQtc2l6ZT0iMjIiIGZvbnQtd2VpZ2h0PSI5MDAiIGZpbGw9IndoaXRlIiB0ZXh0LWFuY2hvcj0ibWlkZGxlIiBmb250LWZhbWlseT0ic2Fucy1zZXJpZiI+5pe65pe66Zuq6aW8IDQwMGc8L3RleHQ+CiAgPHRleHQgeD0iMjAwIiB5PSIyMzAiIGZvbnQtc2l6ZT0iMTQiIGZpbGw9InJnYmEoMjU1LDI1NSwyNTUsMC43NSkiIHRleHQtYW5jaG9yPSJtaWRkbGUiIGZvbnQtZmFtaWx5PSJzYW5zLXNlcmlmIj7kuLTmnJ/lpb3niakgNeaKmOi1tzwvdGV4dD4KPC9zdmc+', '经典旺旺雪饼，大米膨化食品，香脆可口，是很多人童年记忆中的零食。', 1, 0, NOW(), NOW()),
  (20, 2, 3, '洽洽香瓜子 308g', 15.8, 7.9, 65, '2026-04-13 23:59:59', '富含维生素E和不饱和脂肪酸', '聚会人群、影视爱好者', '无', '颗粒饱满，香气扑鼻', 'data:image/svg+xml;base64,PHN2ZyB4bWxucz0iaHR0cDovL3d3dy53My5vcmcvMjAwMC9zdmciIHdpZHRoPSI0MDAiIGhlaWdodD0iMzAwIiB2aWV3Qm94PSIwIDAgNDAwIDMwMCI+CiAgPHJlY3Qgd2lkdGg9IjQwMCIgaGVpZ2h0PSIzMDAiIGZpbGw9IiM3OTU1NDgiIHJ4PSIwIi8+CiAgPHJlY3Qgd2lkdGg9IjQwMCIgaGVpZ2h0PSIzMDAiIGZpbGw9Im5vbmUiIHN0cm9rZT0icmdiYSgwLDAsMCwwLjA1KSIgc3Ryb2tlLXdpZHRoPSIxIi8+CiAgPHRleHQgeD0iMjAwIiB5PSIxMTAiIGZvbnQtc2l6ZT0iNzIiIHRleHQtYW5jaG9yPSJtaWRkbGUiPvCfjLs8L3RleHQ+CiAgPHRleHQgeD0iMjAwIiB5PSIxOTAiIGZvbnQtc2l6ZT0iMjIiIGZvbnQtd2VpZ2h0PSI5MDAiIGZpbGw9IndoaXRlIiB0ZXh0LWFuY2hvcj0ibWlkZGxlIiBmb250LWZhbWlseT0ic2Fucy1zZXJpZiI+5rS95rS96aaZ55Oc5a2QIDMwOGc8L3RleHQ+CiAgPHRleHQgeD0iMjAwIiB5PSIyMzAiIGZvbnQtc2l6ZT0iMTQiIGZpbGw9InJnYmEoMjU1LDI1NSwyNTUsMC43NSkiIHRleHQtYW5jaG9yPSJtaWRkbGUiIGZvbnQtZmFtaWx5PSJzYW5zLXNlcmlmIj7kuLTmnJ/lpb3niakgNeaKmOi1tzwvdGV4dD4KPC9zdmc+', '洽洽经典香瓜子，颗粒饱满，嗑起来香脆无比，是追剧聊天的必备零食。', 1, 0, NOW(), NOW()),
  (21, 3, 3, '良品铺子猪肉脯 200g', 38, 19, 40, '2026-04-09 23:59:59', '高蛋白，富含B族维生素', '所有人群', '无', '肉香浓郁，越嚼越香', 'data:image/svg+xml;base64,PHN2ZyB4bWxucz0iaHR0cDovL3d3dy53My5vcmcvMjAwMC9zdmciIHdpZHRoPSI0MDAiIGhlaWdodD0iMzAwIiB2aWV3Qm94PSIwIDAgNDAwIDMwMCI+CiAgPHJlY3Qgd2lkdGg9IjQwMCIgaGVpZ2h0PSIzMDAiIGZpbGw9IiNDMDM5MkIiIHJ4PSIwIi8+CiAgPHJlY3Qgd2lkdGg9IjQwMCIgaGVpZ2h0PSIzMDAiIGZpbGw9Im5vbmUiIHN0cm9rZT0icmdiYSgwLDAsMCwwLjA1KSIgc3Ryb2tlLXdpZHRoPSIxIi8+CiAgPHRleHQgeD0iMjAwIiB5PSIxMTAiIGZvbnQtc2l6ZT0iNzIiIHRleHQtYW5jaG9yPSJtaWRkbGUiPvCfpZM8L3RleHQ+CiAgPHRleHQgeD0iMjAwIiB5PSIxOTAiIGZvbnQtc2l6ZT0iMjIiIGZvbnQtd2VpZ2h0PSI5MDAiIGZpbGw9IndoaXRlIiB0ZXh0LWFuY2hvcj0ibWlkZGxlIiBmb250LWZhbWlseT0ic2Fucy1zZXJpZiI+6Imv5ZOB6ZO65a2Q54yq6IKJ6ISvIDIwMGc8L3RleHQ+CiAgPHRleHQgeD0iMjAwIiB5PSIyMzAiIGZvbnQtc2l6ZT0iMTQiIGZpbGw9InJnYmEoMjU1LDI1NSwyNTUsMC43NSkiIHRleHQtYW5jaG9yPSJtaWRkbGUiIGZvbnQtZmFtaWx5PSJzYW5zLXNlcmlmIj7kuLTmnJ/lpb3niakgNeaKmOi1tzwvdGV4dD4KPC9zdmc+', '精选猪后腿肉，慢火烘烤，肉香浓郁，甜中带咸，越嚼越有滋味。', 1, 0, NOW(), NOW()),
  (22, 1, 3, '上好佳虾条 60g*6包', 18, 9, 75, '2026-04-14 23:59:59', '米制品，碳水化合物', '儿童、学生', '虾制品过敏者慎食', '鲜香酥脆，虾味浓郁', 'data:image/svg+xml;base64,PHN2ZyB4bWxucz0iaHR0cDovL3d3dy53My5vcmcvMjAwMC9zdmciIHdpZHRoPSI0MDAiIGhlaWdodD0iMzAwIiB2aWV3Qm94PSIwIDAgNDAwIDMwMCI+CiAgPHJlY3Qgd2lkdGg9IjQwMCIgaGVpZ2h0PSIzMDAiIGZpbGw9IiNGRjcwNDMiIHJ4PSIwIi8+CiAgPHJlY3Qgd2lkdGg9IjQwMCIgaGVpZ2h0PSIzMDAiIGZpbGw9Im5vbmUiIHN0cm9rZT0icmdiYSgwLDAsMCwwLjA1KSIgc3Ryb2tlLXdpZHRoPSIxIi8+CiAgPHRleHQgeD0iMjAwIiB5PSIxMTAiIGZvbnQtc2l6ZT0iNzIiIHRleHQtYW5jaG9yPSJtaWRkbGUiPvCfppA8L3RleHQ+CiAgPHRleHQgeD0iMjAwIiB5PSIxOTAiIGZvbnQtc2l6ZT0iMjIiIGZvbnQtd2VpZ2h0PSI5MDAiIGZpbGw9IndoaXRlIiB0ZXh0LWFuY2hvcj0ibWlkZGxlIiBmb250LWZhbWlseT0ic2Fucy1zZXJpZiI+5LiK5aW95L2z6Jm+5p2hIDYwZyo25YyFPC90ZXh0PgogIDx0ZXh0IHg9IjIwMCIgeT0iMjMwIiBmb250LXNpemU9IjE0IiBmaWxsPSJyZ2JhKDI1NSwyNTUsMjU1LDAuNzUpIiB0ZXh0LWFuY2hvcj0ibWlkZGxlIiBmb250LWZhbWlseT0ic2Fucy1zZXJpZiI+5Li05pyf5aW954mpIDXmipjotbc8L3RleHQ+Cjwvc3ZnPg==', '经典上好佳虾条，酥脆可口，虾味浓郁，是深受孩子喜爱的休闲零食。', 1, 0, NOW(), NOW()),
  (23, 3, 3, '德芙巧克力 252g', 42, 21, 35, '2026-04-11 23:59:59', '富含可可多酚和能量', '甜食爱好者', '对可可过敏者禁食', '丝滑香浓，入口即化', 'data:image/svg+xml;base64,PHN2ZyB4bWxucz0iaHR0cDovL3d3dy53My5vcmcvMjAwMC9zdmciIHdpZHRoPSI0MDAiIGhlaWdodD0iMzAwIiB2aWV3Qm94PSIwIDAgNDAwIDMwMCI+CiAgPHJlY3Qgd2lkdGg9IjQwMCIgaGVpZ2h0PSIzMDAiIGZpbGw9IiM1RDQwMzciIHJ4PSIwIi8+CiAgPHJlY3Qgd2lkdGg9IjQwMCIgaGVpZ2h0PSIzMDAiIGZpbGw9Im5vbmUiIHN0cm9rZT0icmdiYSgwLDAsMCwwLjA1KSIgc3Ryb2tlLXdpZHRoPSIxIi8+CiAgPHRleHQgeD0iMjAwIiB5PSIxMTAiIGZvbnQtc2l6ZT0iNzIiIHRleHQtYW5jaG9yPSJtaWRkbGUiPvCfjas8L3RleHQ+CiAgPHRleHQgeD0iMjAwIiB5PSIxOTAiIGZvbnQtc2l6ZT0iMjIiIGZvbnQtd2VpZ2h0PSI5MDAiIGZpbGw9IndoaXRlIiB0ZXh0LWFuY2hvcj0ibWlkZGxlIiBmb250LWZhbWlseT0ic2Fucy1zZXJpZiI+5b636IqZ5ben5YWL5YqbIDI1Mmc8L3RleHQ+CiAgPHRleHQgeD0iMjAwIiB5PSIyMzAiIGZvbnQtc2l6ZT0iMTQiIGZpbGw9InJnYmEoMjU1LDI1NSwyNTUsMC43NSkiIHRleHQtYW5jaG9yPSJtaWRkbGUiIGZvbnQtZmFtaWx5PSJzYW5zLXNlcmlmIj7kuLTmnJ/lpb3niakgNeaKmOi1tzwvdGV4dD4KPC9zdmc+', '德芙经典牛奶巧克力，丝滑香浓，入口即化，送给心爱的人最甜蜜的选择。', 1, 0, NOW(), NOW()),
  (24, 2, 3, '卫龙大面筋 65g*5袋', 20, 10, 60, '2026-04-15 23:59:59', '植物蛋白，碳水化合物', '辣味爱好者', '无', '甜辣劲道，弹韧可口', 'data:image/svg+xml;base64,PHN2ZyB4bWxucz0iaHR0cDovL3d3dy53My5vcmcvMjAwMC9zdmciIHdpZHRoPSI0MDAiIGhlaWdodD0iMzAwIiB2aWV3Qm94PSIwIDAgNDAwIDMwMCI+CiAgPHJlY3Qgd2lkdGg9IjQwMCIgaGVpZ2h0PSIzMDAiIGZpbGw9IiNFNTM5MzUiIHJ4PSIwIi8+CiAgPHJlY3Qgd2lkdGg9IjQwMCIgaGVpZ2h0PSIzMDAiIGZpbGw9Im5vbmUiIHN0cm9rZT0icmdiYSgwLDAsMCwwLjA1KSIgc3Ryb2tlLXdpZHRoPSIxIi8+CiAgPHRleHQgeD0iMjAwIiB5PSIxMTAiIGZvbnQtc2l6ZT0iNzIiIHRleHQtYW5jaG9yPSJtaWRkbGUiPvCfjLbvuI88L3RleHQ+CiAgPHRleHQgeD0iMjAwIiB5PSIxOTAiIGZvbnQtc2l6ZT0iMjIiIGZvbnQtd2VpZ2h0PSI5MDAiIGZpbGw9IndoaXRlIiB0ZXh0LWFuY2hvcj0ibWlkZGxlIiBmb250LWZhbWlseT0ic2Fucy1zZXJpZiI+5Y2r6b6Z5aSn6Z2i562LIDY1Zyo16KKLPC90ZXh0PgogIDx0ZXh0IHg9IjIwMCIgeT0iMjMwIiBmb250LXNpemU9IjE0IiBmaWxsPSJyZ2JhKDI1NSwyNTUsMjU1LDAuNzUpIiB0ZXh0LWFuY2hvcj0ibWlkZGxlIiBmb250LWZhbWlseT0ic2Fucy1zZXJpZiI+5Li05pyf5aW954mpIDXmipjotbc8L3RleHQ+Cjwvc3ZnPg==', '卫龙大面筋，经典辣条风味，甜辣适中，面筋弹韧，是怀旧零食的不二之选。', 1, 0, NOW(), NOW()),
  (25, 1, 3, '金丝猴奶糖 200g', 12, 6, 90, '2026-04-16 23:59:59', '提供能量，奶糖含钙', '儿童、送礼人群', '乳糖不耐受者慎食', '奶香浓郁，甜而不腻', 'data:image/svg+xml;base64,PHN2ZyB4bWxucz0iaHR0cDovL3d3dy53My5vcmcvMjAwMC9zdmciIHdpZHRoPSI0MDAiIGhlaWdodD0iMzAwIiB2aWV3Qm94PSIwIDAgNDAwIDMwMCI+CiAgPHJlY3Qgd2lkdGg9IjQwMCIgaGVpZ2h0PSIzMDAiIGZpbGw9IiNGRkVDQjMiIHJ4PSIwIi8+CiAgPHJlY3Qgd2lkdGg9IjQwMCIgaGVpZ2h0PSIzMDAiIGZpbGw9Im5vbmUiIHN0cm9rZT0icmdiYSgwLDAsMCwwLjA1KSIgc3Ryb2tlLXdpZHRoPSIxIi8+CiAgPHRleHQgeD0iMjAwIiB5PSIxMTAiIGZvbnQtc2l6ZT0iNzIiIHRleHQtYW5jaG9yPSJtaWRkbGUiPvCfjaw8L3RleHQ+CiAgPHRleHQgeD0iMjAwIiB5PSIxOTAiIGZvbnQtc2l6ZT0iMjIiIGZvbnQtd2VpZ2h0PSI5MDAiIGZpbGw9IndoaXRlIiB0ZXh0LWFuY2hvcj0ibWlkZGxlIiBmb250LWZhbWlseT0ic2Fucy1zZXJpZiI+6YeR5Lid54y05aW257OWIDIwMGc8L3RleHQ+CiAgPHRleHQgeD0iMjAwIiB5PSIyMzAiIGZvbnQtc2l6ZT0iMTQiIGZpbGw9InJnYmEoMjU1LDI1NSwyNTUsMC43NSkiIHRleHQtYW5jaG9yPSJtaWRkbGUiIGZvbnQtZmFtaWx5PSJzYW5zLXNlcmlmIj7kuLTmnJ/lpb3niakgNeaKmOi1tzwvdGV4dD4KPC9zdmc+', '经典金丝猴奶糖，奶香浓郁，口感顺滑不粘牙，是很多人童年的甜蜜回忆。', 1, 0, NOW(), NOW()),
  (26, 1, 4, '金龙鱼一级大豆油 5L', 65, 32.5, 30, '2026-04-10 23:59:59', '富含维生素E，不含胆固醇', '所有人群', '对大豆过敏者慎食', '色泽金黄，油质清亮', 'data:image/svg+xml;base64,PHN2ZyB4bWxucz0iaHR0cDovL3d3dy53My5vcmcvMjAwMC9zdmciIHdpZHRoPSI0MDAiIGhlaWdodD0iMzAwIiB2aWV3Qm94PSIwIDAgNDAwIDMwMCI+CiAgPHJlY3Qgd2lkdGg9IjQwMCIgaGVpZ2h0PSIzMDAiIGZpbGw9IiNGREQ4MzUiIHJ4PSIwIi8+CiAgPHJlY3Qgd2lkdGg9IjQwMCIgaGVpZ2h0PSIzMDAiIGZpbGw9Im5vbmUiIHN0cm9rZT0icmdiYSgwLDAsMCwwLjA1KSIgc3Ryb2tlLXdpZHRoPSIxIi8+CiAgPHRleHQgeD0iMjAwIiB5PSIxMTAiIGZvbnQtc2l6ZT0iNzIiIHRleHQtYW5jaG9yPSJtaWRkbGUiPvCfq5c8L3RleHQ+CiAgPHRleHQgeD0iMjAwIiB5PSIxOTAiIGZvbnQtc2l6ZT0iMjIiIGZvbnQtd2VpZ2h0PSI5MDAiIGZpbGw9IndoaXRlIiB0ZXh0LWFuY2hvcj0ibWlkZGxlIiBmb250LWZhbWlseT0ic2Fucy1zZXJpZiI+6YeR6b6Z6bG85LiA57qn5aSn6LGG5rK5IDVMPC90ZXh0PgogIDx0ZXh0IHg9IjIwMCIgeT0iMjMwIiBmb250LXNpemU9IjE0IiBmaWxsPSJyZ2JhKDI1NSwyNTUsMjU1LDAuNzUpIiB0ZXh0LWFuY2hvcj0ibWlkZGxlIiBmb250LWZhbWlseT0ic2Fucy1zZXJpZiI+5Li05pyf5aW954mpIDXmipjotbc8L3RleHQ+Cjwvc3ZnPg==', '金龙鱼一级大豆油，精选优质大豆压榨，油质清亮，适合煎炒烹炸各种烹饪方式。', 1, 0, NOW(), NOW()),
  (27, 1, 4, '海天金标生抽 500ml', 12.8, 6.4, 60, '2026-04-11 23:59:59', '含氨基酸态氮，天然发酵', '烹饪人群', '大豆过敏者慎食', '色泽红亮，鲜香浓郁', 'data:image/svg+xml;base64,PHN2ZyB4bWxucz0iaHR0cDovL3d3dy53My5vcmcvMjAwMC9zdmciIHdpZHRoPSI0MDAiIGhlaWdodD0iMzAwIiB2aWV3Qm94PSIwIDAgNDAwIDMwMCI+CiAgPHJlY3Qgd2lkdGg9IjQwMCIgaGVpZ2h0PSIzMDAiIGZpbGw9IiM2QTFCOUEiIHJ4PSIwIi8+CiAgPHJlY3Qgd2lkdGg9IjQwMCIgaGVpZ2h0PSIzMDAiIGZpbGw9Im5vbmUiIHN0cm9rZT0icmdiYSgwLDAsMCwwLjA1KSIgc3Ryb2tlLXdpZHRoPSIxIi8+CiAgPHRleHQgeD0iMjAwIiB5PSIxMTAiIGZvbnQtc2l6ZT0iNzIiIHRleHQtYW5jaG9yPSJtaWRkbGUiPvCfp4I8L3RleHQ+CiAgPHRleHQgeD0iMjAwIiB5PSIxOTAiIGZvbnQtc2l6ZT0iMjIiIGZvbnQtd2VpZ2h0PSI5MDAiIGZpbGw9IndoaXRlIiB0ZXh0LWFuY2hvcj0ibWlkZGxlIiBmb250LWZhbWlseT0ic2Fucy1zZXJpZiI+5rW35aSp6YeR5qCH55Sf5oq9IDUwMG1sPC90ZXh0PgogIDx0ZXh0IHg9IjIwMCIgeT0iMjMwIiBmb250LXNpemU9IjE0IiBmaWxsPSJyZ2JhKDI1NSwyNTUsMjU1LDAuNzUpIiB0ZXh0LWFuY2hvcj0ibWlkZGxlIiBmb250LWZhbWlseT0ic2Fucy1zZXJpZiI+5Li05pyf5aW954mpIDXmipjotbc8L3RleHQ+Cjwvc3ZnPg==', '海天金标生抽，天然晒制，氨基酸态氮含量高，色泽红亮，适合凉拌和炒菜提鲜。', 1, 0, NOW(), NOW()),
  (28, 2, 4, '五常大米 5kg', 68, 34, 40, '2026-04-09 23:59:59', '富含碳水化合物和B族维生素', '所有人群', '无', '米粒晶莹，软糯香甜', 'data:image/svg+xml;base64,PHN2ZyB4bWxucz0iaHR0cDovL3d3dy53My5vcmcvMjAwMC9zdmciIHdpZHRoPSI0MDAiIGhlaWdodD0iMzAwIiB2aWV3Qm94PSIwIDAgNDAwIDMwMCI+CiAgPHJlY3Qgd2lkdGg9IjQwMCIgaGVpZ2h0PSIzMDAiIGZpbGw9IiNGNUY1RjUiIHJ4PSIwIi8+CiAgPHJlY3Qgd2lkdGg9IjQwMCIgaGVpZ2h0PSIzMDAiIGZpbGw9Im5vbmUiIHN0cm9rZT0icmdiYSgwLDAsMCwwLjA1KSIgc3Ryb2tlLXdpZHRoPSIxIi8+CiAgPHRleHQgeD0iMjAwIiB5PSIxMTAiIGZvbnQtc2l6ZT0iNzIiIHRleHQtYW5jaG9yPSJtaWRkbGUiPvCfjZo8L3RleHQ+CiAgPHRleHQgeD0iMjAwIiB5PSIxOTAiIGZvbnQtc2l6ZT0iMjIiIGZvbnQtd2VpZ2h0PSI5MDAiIGZpbGw9IndoaXRlIiB0ZXh0LWFuY2hvcj0ibWlkZGxlIiBmb250LWZhbWlseT0ic2Fucy1zZXJpZiI+5LqU5bi45aSn57GzIDVrZzwvdGV4dD4KICA8dGV4dCB4PSIyMDAiIHk9IjIzMCIgZm9udC1zaXplPSIxNCIgZmlsbD0icmdiYSgyNTUsMjU1LDI1NSwwLjc1KSIgdGV4dC1hbmNob3I9Im1pZGRsZSIgZm9udC1mYW1pbHk9InNhbnMtc2VyaWYiPuS4tOacn+WlveeJqSA15oqY6LW3PC90ZXh0Pgo8L3N2Zz4=', '正宗黑龙江五常大米，米粒细长晶莹，蒸熟后软糯香甜，饭香浓郁，隔夜不回生。', 1, 0, NOW(), NOW()),
  (29, 2, 4, '李锦记蚝油 510g', 9.9, 4.95, 55, '2026-04-12 23:59:59', '富含氨基酸和锌元素', '烹饪人群', '无', '色泽红褐，鲜香爽滑', 'data:image/svg+xml;base64,PHN2ZyB4bWxucz0iaHR0cDovL3d3dy53My5vcmcvMjAwMC9zdmciIHdpZHRoPSI0MDAiIGhlaWdodD0iMzAwIiB2aWV3Qm94PSIwIDAgNDAwIDMwMCI+CiAgPHJlY3Qgd2lkdGg9IjQwMCIgaGVpZ2h0PSIzMDAiIGZpbGw9IiM0RTM0MkUiIHJ4PSIwIi8+CiAgPHJlY3Qgd2lkdGg9IjQwMCIgaGVpZ2h0PSIzMDAiIGZpbGw9Im5vbmUiIHN0cm9rZT0icmdiYSgwLDAsMCwwLjA1KSIgc3Ryb2tlLXdpZHRoPSIxIi8+CiAgPHRleHQgeD0iMjAwIiB5PSIxMTAiIGZvbnQtc2l6ZT0iNzIiIHRleHQtYW5jaG9yPSJtaWRkbGUiPvCfq5k8L3RleHQ+CiAgPHRleHQgeD0iMjAwIiB5PSIxOTAiIGZvbnQtc2l6ZT0iMjIiIGZvbnQtd2VpZ2h0PSI5MDAiIGZpbGw9IndoaXRlIiB0ZXh0LWFuY2hvcj0ibWlkZGxlIiBmb250LWZhbWlseT0ic2Fucy1zZXJpZiI+5p2O6ZSm6K6w6Jqd5rK5IDUxMGc8L3RleHQ+CiAgPHRleHQgeD0iMjAwIiB5PSIyMzAiIGZvbnQtc2l6ZT0iMTQiIGZpbGw9InJnYmEoMjU1LDI1NSwyNTUsMC43NSkiIHRleHQtYW5jaG9yPSJtaWRkbGUiIGZvbnQtZmFtaWx5PSJzYW5zLXNlcmlmIj7kuLTmnJ/lpb3niakgNeaKmOi1tzwvdGV4dD4KPC9zdmc+', '李锦记财神蚝油，选用优质鲜蚝熬制，色泽红褐，挂汁均匀，是炒菜提鲜的法宝。', 1, 0, NOW(), NOW()),
  (30, 3, 4, '鲁花花生油 5S压榨 5L', 158, 79, 20, '2026-04-13 23:59:59', '富含油酸和维生素E', '注重健康人群', '花生过敏者禁食', '金黄透亮，花生香气浓郁', 'data:image/svg+xml;base64,PHN2ZyB4bWxucz0iaHR0cDovL3d3dy53My5vcmcvMjAwMC9zdmciIHdpZHRoPSI0MDAiIGhlaWdodD0iMzAwIiB2aWV3Qm94PSIwIDAgNDAwIDMwMCI+CiAgPHJlY3Qgd2lkdGg9IjQwMCIgaGVpZ2h0PSIzMDAiIGZpbGw9IiNGRkEwMDAiIHJ4PSIwIi8+CiAgPHJlY3Qgd2lkdGg9IjQwMCIgaGVpZ2h0PSIzMDAiIGZpbGw9Im5vbmUiIHN0cm9rZT0icmdiYSgwLDAsMCwwLjA1KSIgc3Ryb2tlLXdpZHRoPSIxIi8+CiAgPHRleHQgeD0iMjAwIiB5PSIxMTAiIGZvbnQtc2l6ZT0iNzIiIHRleHQtYW5jaG9yPSJtaWRkbGUiPvCfq5c8L3RleHQ+CiAgPHRleHQgeD0iMjAwIiB5PSIxOTAiIGZvbnQtc2l6ZT0iMjIiIGZvbnQtd2VpZ2h0PSI5MDAiIGZpbGw9IndoaXRlIiB0ZXh0LWFuY2hvcj0ibWlkZGxlIiBmb250LWZhbWlseT0ic2Fucy1zZXJpZiI+6bKB6Iqx6Iqx55Sf5rK5IDVT5Y6L5qaoIDVMPC90ZXh0PgogIDx0ZXh0IHg9IjIwMCIgeT0iMjMwIiBmb250LXNpemU9IjE0IiBmaWxsPSJyZ2JhKDI1NSwyNTUsMjU1LDAuNzUpIiB0ZXh0LWFuY2hvcj0ibWlkZGxlIiBmb250LWZhbWlseT0ic2Fucy1zZXJpZiI+5Li05pyf5aW954mpIDXmipjotbc8L3RleHQ+Cjwvc3ZnPg==', '鲁花5S压榨花生油，采用5S纯物理压榨工艺，油质金黄透亮，花生香气浓郁持久。', 1, 0, NOW(), NOW()),
  (31, 1, 4, '千禾零添加酱油 500ml', 18.8, 9.4, 45, '2026-04-14 23:59:59', '零添加，富含氨基酸', '注重健康人群', '无', '豆香浓郁，口感醇厚', 'data:image/svg+xml;base64,PHN2ZyB4bWxucz0iaHR0cDovL3d3dy53My5vcmcvMjAwMC9zdmciIHdpZHRoPSI0MDAiIGhlaWdodD0iMzAwIiB2aWV3Qm94PSIwIDAgNDAwIDMwMCI+CiAgPHJlY3Qgd2lkdGg9IjQwMCIgaGVpZ2h0PSIzMDAiIGZpbGw9IiMzRTI3MjMiIHJ4PSIwIi8+CiAgPHJlY3Qgd2lkdGg9IjQwMCIgaGVpZ2h0PSIzMDAiIGZpbGw9Im5vbmUiIHN0cm9rZT0icmdiYSgwLDAsMCwwLjA1KSIgc3Ryb2tlLXdpZHRoPSIxIi8+CiAgPHRleHQgeD0iMjAwIiB5PSIxMTAiIGZvbnQtc2l6ZT0iNzIiIHRleHQtYW5jaG9yPSJtaWRkbGUiPvCfq5k8L3RleHQ+CiAgPHRleHQgeD0iMjAwIiB5PSIxOTAiIGZvbnQtc2l6ZT0iMjIiIGZvbnQtd2VpZ2h0PSI5MDAiIGZpbGw9IndoaXRlIiB0ZXh0LWFuY2hvcj0ibWlkZGxlIiBmb250LWZhbWlseT0ic2Fucy1zZXJpZiI+5Y2D56a+6Zu25re75Yqg6YWx5rK5IDUwMG1sPC90ZXh0PgogIDx0ZXh0IHg9IjIwMCIgeT0iMjMwIiBmb250LXNpemU9IjE0IiBmaWxsPSJyZ2JhKDI1NSwyNTUsMjU1LDAuNzUpIiB0ZXh0LWFuY2hvcj0ibWlkZGxlIiBmb250LWZhbWlseT0ic2Fucy1zZXJpZiI+5Li05pyf5aW954mpIDXmipjotbc8L3RleHQ+Cjwvc3ZnPg==', '千禾零添加酱油，不添加味精、色素、防腐剂，天然酿造，豆香浓郁，醇厚回甘。', 1, 0, NOW(), NOW()),
  (32, 3, 4, '恒顺香醋 500ml', 11.8, 5.9, 50, '2026-04-15 23:59:59', '含有机酸，促进消化', '烹饪人群', '无', '酸味柔和，陈香醇厚', 'data:image/svg+xml;base64,PHN2ZyB4bWxucz0iaHR0cDovL3d3dy53My5vcmcvMjAwMC9zdmciIHdpZHRoPSI0MDAiIGhlaWdodD0iMzAwIiB2aWV3Qm94PSIwIDAgNDAwIDMwMCI+CiAgPHJlY3Qgd2lkdGg9IjQwMCIgaGVpZ2h0PSIzMDAiIGZpbGw9IiM3QjFGQTIiIHJ4PSIwIi8+CiAgPHJlY3Qgd2lkdGg9IjQwMCIgaGVpZ2h0PSIzMDAiIGZpbGw9Im5vbmUiIHN0cm9rZT0icmdiYSgwLDAsMCwwLjA1KSIgc3Ryb2tlLXdpZHRoPSIxIi8+CiAgPHRleHQgeD0iMjAwIiB5PSIxMTAiIGZvbnQtc2l6ZT0iNzIiIHRleHQtYW5jaG9yPSJtaWRkbGUiPvCfjbY8L3RleHQ+CiAgPHRleHQgeD0iMjAwIiB5PSIxOTAiIGZvbnQtc2l6ZT0iMjIiIGZvbnQtd2VpZ2h0PSI5MDAiIGZpbGw9IndoaXRlIiB0ZXh0LWFuY2hvcj0ibWlkZGxlIiBmb250LWZhbWlseT0ic2Fucy1zZXJpZiI+5oGS6aG66aaZ6YaLIDUwMG1sPC90ZXh0PgogIDx0ZXh0IHg9IjIwMCIgeT0iMjMwIiBmb250LXNpemU9IjE0IiBmaWxsPSJyZ2JhKDI1NSwyNTUsMjU1LDAuNzUpIiB0ZXh0LWFuY2hvcj0ibWlkZGxlIiBmb250LWZhbWlseT0ic2Fucy1zZXJpZiI+5Li05pyf5aW954mpIDXmipjotbc8L3RleHQ+Cjwvc3ZnPg==', '江苏恒顺香醋，镇江特产，酸味柔和绵长，陈香醇厚，是凉拌和点蘸的绝配。', 1, 0, NOW(), NOW()),
  (33, 2, 4, '福临门东北珍珠米 10kg', 68, 34, 25, '2026-04-16 23:59:59', '优质碳水化合物来源', '家庭用户', '无', '米粒饱满，煮饭香糯', 'data:image/svg+xml;base64,PHN2ZyB4bWxucz0iaHR0cDovL3d3dy53My5vcmcvMjAwMC9zdmciIHdpZHRoPSI0MDAiIGhlaWdodD0iMzAwIiB2aWV3Qm94PSIwIDAgNDAwIDMwMCI+CiAgPHJlY3Qgd2lkdGg9IjQwMCIgaGVpZ2h0PSIzMDAiIGZpbGw9IiNGNUY1RjUiIHJ4PSIwIi8+CiAgPHJlY3Qgd2lkdGg9IjQwMCIgaGVpZ2h0PSIzMDAiIGZpbGw9Im5vbmUiIHN0cm9rZT0icmdiYSgwLDAsMCwwLjA1KSIgc3Ryb2tlLXdpZHRoPSIxIi8+CiAgPHRleHQgeD0iMjAwIiB5PSIxMTAiIGZvbnQtc2l6ZT0iNzIiIHRleHQtYW5jaG9yPSJtaWRkbGUiPvCfjZo8L3RleHQ+CiAgPHRleHQgeD0iMjAwIiB5PSIxOTAiIGZvbnQtc2l6ZT0iMjIiIGZvbnQtd2VpZ2h0PSI5MDAiIGZpbGw9IndoaXRlIiB0ZXh0LWFuY2hvcj0ibWlkZGxlIiBmb250LWZhbWlseT0ic2Fucy1zZXJpZiI+56aP5Li06Zeo5Lic5YyX54+N54+g57GzIDEwa2c8L3RleHQ+CiAgPHRleHQgeD0iMjAwIiB5PSIyMzAiIGZvbnQtc2l6ZT0iMTQiIGZpbGw9InJnYmEoMjU1LDI1NSwyNTUsMC43NSkiIHRleHQtYW5jaG9yPSJtaWRkbGUiIGZvbnQtZmFtaWx5PSJzYW5zLXNlcmlmIj7kuLTmnJ/lpb3niakgNeaKmOi1tzwvdGV4dD4KPC9zdmc+', '福临门东北珍珠米，米粒饱满圆润，蒸煮后饭香浓郁，口感软糯，适合家庭日常食用。', 1, 0, NOW(), NOW()),
  (34, 1, 5, '三全水饺 猪肉白菜 1kg', 25.8, 12.9, 45, '2026-04-09 23:59:59', '富含蛋白质和碳水化合物', '快节奏人群', '小麦、猪肉过敏者禁食', '皮薄馅大，汤汁饱满', 'data:image/svg+xml;base64,PHN2ZyB4bWxucz0iaHR0cDovL3d3dy53My5vcmcvMjAwMC9zdmciIHdpZHRoPSI0MDAiIGhlaWdodD0iMzAwIiB2aWV3Qm94PSIwIDAgNDAwIDMwMCI+CiAgPHJlY3Qgd2lkdGg9IjQwMCIgaGVpZ2h0PSIzMDAiIGZpbGw9IiNGRkVCM0IiIHJ4PSIwIi8+CiAgPHJlY3Qgd2lkdGg9IjQwMCIgaGVpZ2h0PSIzMDAiIGZpbGw9Im5vbmUiIHN0cm9rZT0icmdiYSgwLDAsMCwwLjA1KSIgc3Ryb2tlLXdpZHRoPSIxIi8+CiAgPHRleHQgeD0iMjAwIiB5PSIxMTAiIGZvbnQtc2l6ZT0iNzIiIHRleHQtYW5jaG9yPSJtaWRkbGUiPvCfpZ88L3RleHQ+CiAgPHRleHQgeD0iMjAwIiB5PSIxOTAiIGZvbnQtc2l6ZT0iMjIiIGZvbnQtd2VpZ2h0PSI5MDAiIGZpbGw9IndoaXRlIiB0ZXh0LWFuY2hvcj0ibWlkZGxlIiBmb250LWZhbWlseT0ic2Fucy1zZXJpZiI+5LiJ5YWo5rC06aW6IOeMquiCieeZveiPnCAxa2c8L3RleHQ+CiAgPHRleHQgeD0iMjAwIiB5PSIyMzAiIGZvbnQtc2l6ZT0iMTQiIGZpbGw9InJnYmEoMjU1LDI1NSwyNTUsMC43NSkiIHRleHQtYW5jaG9yPSJtaWRkbGUiIGZvbnQtZmFtaWx5PSJzYW5zLXNlcmlmIj7kuLTmnJ/lpb3niakgNeaKmOi1tzwvdGV4dD4KPC9zdmc+', '三全水饺，精选猪肉白菜馅，皮薄馅大，汤汁饱满，只需水煮8分钟即可享用。', 1, 0, NOW(), NOW()),
  (35, 1, 5, '湾仔码头手工水饺 540g', 32, 16, 35, '2026-04-10 23:59:59', '高蛋白，手工包制', '快节奏人群', '小麦、猪肉过敏者禁食', '皮薄馅大，爽滑多汁', 'data:image/svg+xml;base64,PHN2ZyB4bWxucz0iaHR0cDovL3d3dy53My5vcmcvMjAwMC9zdmciIHdpZHRoPSI0MDAiIGhlaWdodD0iMzAwIiB2aWV3Qm94PSIwIDAgNDAwIDMwMCI+CiAgPHJlY3Qgd2lkdGg9IjQwMCIgaGVpZ2h0PSIzMDAiIGZpbGw9IiNGRkY5QzQiIHJ4PSIwIi8+CiAgPHJlY3Qgd2lkdGg9IjQwMCIgaGVpZ2h0PSIzMDAiIGZpbGw9Im5vbmUiIHN0cm9rZT0icmdiYSgwLDAsMCwwLjA1KSIgc3Ryb2tlLXdpZHRoPSIxIi8+CiAgPHRleHQgeD0iMjAwIiB5PSIxMTAiIGZvbnQtc2l6ZT0iNzIiIHRleHQtYW5jaG9yPSJtaWRkbGUiPvCfpZ88L3RleHQ+CiAgPHRleHQgeD0iMjAwIiB5PSIxOTAiIGZvbnQtc2l6ZT0iMjIiIGZvbnQtd2VpZ2h0PSI5MDAiIGZpbGw9IndoaXRlIiB0ZXh0LWFuY2hvcj0ibWlkZGxlIiBmb250LWZhbWlseT0ic2Fucy1zZXJpZiI+5rm+5LuU56CB5aS05omL5bel5rC06aW6IDU0MGc8L3RleHQ+CiAgPHRleHQgeD0iMjAwIiB5PSIyMzAiIGZvbnQtc2l6ZT0iMTQiIGZpbGw9InJnYmEoMjU1LDI1NSwyNTUsMC43NSkiIHRleHQtYW5jaG9yPSJtaWRkbGUiIGZvbnQtZmFtaWx5PSJzYW5zLXNlcmlmIj7kuLTmnJ/lpb3niakgNeaKmOi1tzwvdGV4dD4KPC9zdmc+', '湾仔码头手工水饺，精选手工包制，皮薄馅大，咬一口汤汁四溢，方便又美味。', 1, 0, NOW(), NOW()),
  (36, 2, 5, '海底捞自热火锅 麻辣牛肉 400g', 39.8, 19.9, 40, '2026-04-11 23:59:59', '提供蛋白质、膳食纤维和热量', '户外人群、懒人', '对辣味敏感者慎食', '麻辣鲜香，内容丰富', 'data:image/svg+xml;base64,PHN2ZyB4bWxucz0iaHR0cDovL3d3dy53My5vcmcvMjAwMC9zdmciIHdpZHRoPSI0MDAiIGhlaWdodD0iMzAwIiB2aWV3Qm94PSIwIDAgNDAwIDMwMCI+CiAgPHJlY3Qgd2lkdGg9IjQwMCIgaGVpZ2h0PSIzMDAiIGZpbGw9IiNFNTM5MzUiIHJ4PSIwIi8+CiAgPHJlY3Qgd2lkdGg9IjQwMCIgaGVpZ2h0PSIzMDAiIGZpbGw9Im5vbmUiIHN0cm9rZT0icmdiYSgwLDAsMCwwLjA1KSIgc3Ryb2tlLXdpZHRoPSIxIi8+CiAgPHRleHQgeD0iMjAwIiB5PSIxMTAiIGZvbnQtc2l6ZT0iNzIiIHRleHQtYW5jaG9yPSJtaWRkbGUiPvCfjbI8L3RleHQ+CiAgPHRleHQgeD0iMjAwIiB5PSIxOTAiIGZvbnQtc2l6ZT0iMjIiIGZvbnQtd2VpZ2h0PSI5MDAiIGZpbGw9IndoaXRlIiB0ZXh0LWFuY2hvcj0ibWlkZGxlIiBmb250LWZhbWlseT0ic2Fucy1zZXJpZiI+5rW35bqV5o2e6Ieq54Ot54Gr6ZSFIOm6u+i+o+eJm+iCiSA0MDBnPC90ZXh0PgogIDx0ZXh0IHg9IjIwMCIgeT0iMjMwIiBmb250LXNpemU9IjE0IiBmaWxsPSJyZ2JhKDI1NSwyNTUsMjU1LDAuNzUpIiB0ZXh0LWFuY2hvcj0ibWlkZGxlIiBmb250LWZhbWlseT0ic2Fucy1zZXJpZiI+5Li05pyf5aW954mpIDXmipjotbc8L3RleHQ+Cjwvc3ZnPg==', '海底捞自热火锅，无需火电，15分钟即享麻辣鲜香，牛肉软糯，蔬菜脆爽，随时随地吃火锅。', 1, 0, NOW(), NOW()),
  (37, 2, 5, '思念猪肉灌汤水饺 450g', 18.8, 9.4, 50, '2026-04-12 23:59:59', '富含蛋白质，汤汁充盈', '快节奏人群', '小麦、猪肉过敏者禁食', '皮薄馅多，汤汁鲜美', 'data:image/svg+xml;base64,PHN2ZyB4bWxucz0iaHR0cDovL3d3dy53My5vcmcvMjAwMC9zdmciIHdpZHRoPSI0MDAiIGhlaWdodD0iMzAwIiB2aWV3Qm94PSIwIDAgNDAwIDMwMCI+CiAgPHJlY3Qgd2lkdGg9IjQwMCIgaGVpZ2h0PSIzMDAiIGZpbGw9IiNGRkVCM0IiIHJ4PSIwIi8+CiAgPHJlY3Qgd2lkdGg9IjQwMCIgaGVpZ2h0PSIzMDAiIGZpbGw9Im5vbmUiIHN0cm9rZT0icmdiYSgwLDAsMCwwLjA1KSIgc3Ryb2tlLXdpZHRoPSIxIi8+CiAgPHRleHQgeD0iMjAwIiB5PSIxMTAiIGZvbnQtc2l6ZT0iNzIiIHRleHQtYW5jaG9yPSJtaWRkbGUiPvCfpZ88L3RleHQ+CiAgPHRleHQgeD0iMjAwIiB5PSIxOTAiIGZvbnQtc2l6ZT0iMjIiIGZvbnQtd2VpZ2h0PSI5MDAiIGZpbGw9IndoaXRlIiB0ZXh0LWFuY2hvcj0ibWlkZGxlIiBmb250LWZhbWlseT0ic2Fucy1zZXJpZiI+5oCd5b+154yq6IKJ54GM5rGk5rC06aW6IDQ1MGc8L3RleHQ+CiAgPHRleHQgeD0iMjAwIiB5PSIyMzAiIGZvbnQtc2l6ZT0iMTQiIGZpbGw9InJnYmEoMjU1LDI1NSwyNTUsMC43NSkiIHRleHQtYW5jaG9yPSJtaWRkbGUiIGZvbnQtZmFtaWx5PSJzYW5zLXNlcmlmIj7kuLTmnJ/lpb3niakgNeaKmOi1tzwvdGV4dD4KPC9zdmc+', '思念灌汤水饺，皮薄如纸，馅大饱满，咬开有满满汤汁，蒸煮煎炸皆可。', 1, 0, NOW(), NOW()),
  (38, 3, 5, '大白兔奶糖雪糕 65g*4支', 28, 14, 30, '2026-04-13 23:59:59', '提供蛋白质和钙质', '儿童、怀旧人群', '乳制品过敏者禁食', '奶香浓郁，童年味道', 'data:image/svg+xml;base64,PHN2ZyB4bWxucz0iaHR0cDovL3d3dy53My5vcmcvMjAwMC9zdmciIHdpZHRoPSI0MDAiIGhlaWdodD0iMzAwIiB2aWV3Qm94PSIwIDAgNDAwIDMwMCI+CiAgPHJlY3Qgd2lkdGg9IjQwMCIgaGVpZ2h0PSIzMDAiIGZpbGw9IiNGOEJCRDkiIHJ4PSIwIi8+CiAgPHJlY3Qgd2lkdGg9IjQwMCIgaGVpZ2h0PSIzMDAiIGZpbGw9Im5vbmUiIHN0cm9rZT0icmdiYSgwLDAsMCwwLjA1KSIgc3Ryb2tlLXdpZHRoPSIxIi8+CiAgPHRleHQgeD0iMjAwIiB5PSIxMTAiIGZvbnQtc2l6ZT0iNzIiIHRleHQtYW5jaG9yPSJtaWRkbGUiPvCfjaY8L3RleHQ+CiAgPHRleHQgeD0iMjAwIiB5PSIxOTAiIGZvbnQtc2l6ZT0iMjIiIGZvbnQtd2VpZ2h0PSI5MDAiIGZpbGw9IndoaXRlIiB0ZXh0LWFuY2hvcj0ibWlkZGxlIiBmb250LWZhbWlseT0ic2Fucy1zZXJpZiI+5aSn55m95YWU5aW257OW6Zuq57OVIDY1Zyo05pSvPC90ZXh0PgogIDx0ZXh0IHg9IjIwMCIgeT0iMjMwIiBmb250LXNpemU9IjE0IiBmaWxsPSJyZ2JhKDI1NSwyNTUsMjU1LDAuNzUpIiB0ZXh0LWFuY2hvcj0ibWlkZGxlIiBmb250LWZhbWlseT0ic2Fucy1zZXJpZiI+5Li05pyf5aW954mpIDXmipjotbc8L3RleHQ+Cjwvc3ZnPg==', '大白兔奶糖风味雪糕，将童年甜蜜味道变成冰爽雪糕，奶香浓郁，大小朋友都爱。', 1, 0, NOW(), NOW()),
  (39, 1, 5, '康师傅红烧牛肉面 127g*5包', 29.5, 14.75, 65, '2026-04-14 23:59:59', '碳水化合物主要来源，速食方便', '学生、上班族', '小麦过敏者禁食', '汤鲜面劲，麻辣够味', 'data:image/svg+xml;base64,PHN2ZyB4bWxucz0iaHR0cDovL3d3dy53My5vcmcvMjAwMC9zdmciIHdpZHRoPSI0MDAiIGhlaWdodD0iMzAwIiB2aWV3Qm94PSIwIDAgNDAwIDMwMCI+CiAgPHJlY3Qgd2lkdGg9IjQwMCIgaGVpZ2h0PSIzMDAiIGZpbGw9IiNGRjhGMDAiIHJ4PSIwIi8+CiAgPHJlY3Qgd2lkdGg9IjQwMCIgaGVpZ2h0PSIzMDAiIGZpbGw9Im5vbmUiIHN0cm9rZT0icmdiYSgwLDAsMCwwLjA1KSIgc3Ryb2tlLXdpZHRoPSIxIi8+CiAgPHRleHQgeD0iMjAwIiB5PSIxMTAiIGZvbnQtc2l6ZT0iNzIiIHRleHQtYW5jaG9yPSJtaWRkbGUiPvCfjZw8L3RleHQ+CiAgPHRleHQgeD0iMjAwIiB5PSIxOTAiIGZvbnQtc2l6ZT0iMjIiIGZvbnQtd2VpZ2h0PSI5MDAiIGZpbGw9IndoaXRlIiB0ZXh0LWFuY2hvcj0ibWlkZGxlIiBmb250LWZhbWlseT0ic2Fucy1zZXJpZiI+5bq35biI5YKF57qi54On54mb6IKJ6Z2iIDEyN2cqNeWMhTwvdGV4dD4KICA8dGV4dCB4PSIyMDAiIHk9IjIzMCIgZm9udC1zaXplPSIxNCIgZmlsbD0icmdiYSgyNTUsMjU1LDI1NSwwLjc1KSIgdGV4dC1hbmNob3I9Im1pZGRsZSIgZm9udC1mYW1pbHk9InNhbnMtc2VyaWYiPuS4tOacn+WlveeJqSA15oqY6LW3PC90ZXh0Pgo8L3N2Zz4=', '康师傅红烧牛肉面，精选优质小麦，口感劲道有弹性，红烧汤底鲜香浓郁，3分钟即食。', 1, 0, NOW(), NOW()),
  (40, 3, 5, '好侍咖喱块 98g*2盒', 26, 13, 35, '2026-04-09 23:59:59', '富含香辛料，促进食欲', '家庭主妇、烹饪爱好者', '无', '咖喱香浓，口感醇厚', 'data:image/svg+xml;base64,PHN2ZyB4bWxucz0iaHR0cDovL3d3dy53My5vcmcvMjAwMC9zdmciIHdpZHRoPSI0MDAiIGhlaWdodD0iMzAwIiB2aWV3Qm94PSIwIDAgNDAwIDMwMCI+CiAgPHJlY3Qgd2lkdGg9IjQwMCIgaGVpZ2h0PSIzMDAiIGZpbGw9IiNGRjZGMDAiIHJ4PSIwIi8+CiAgPHJlY3Qgd2lkdGg9IjQwMCIgaGVpZ2h0PSIzMDAiIGZpbGw9Im5vbmUiIHN0cm9rZT0icmdiYSgwLDAsMCwwLjA1KSIgc3Ryb2tlLXdpZHRoPSIxIi8+CiAgPHRleHQgeD0iMjAwIiB5PSIxMTAiIGZvbnQtc2l6ZT0iNzIiIHRleHQtYW5jaG9yPSJtaWRkbGUiPvCfjZs8L3RleHQ+CiAgPHRleHQgeD0iMjAwIiB5PSIxOTAiIGZvbnQtc2l6ZT0iMjIiIGZvbnQtd2VpZ2h0PSI5MDAiIGZpbGw9IndoaXRlIiB0ZXh0LWFuY2hvcj0ibWlkZGxlIiBmb250LWZhbWlseT0ic2Fucy1zZXJpZiI+5aW95L6N5ZKW5Zax5Z2XIDk4Zyoy55uSPC90ZXh0PgogIDx0ZXh0IHg9IjIwMCIgeT0iMjMwIiBmb250LXNpemU9IjE0IiBmaWxsPSJyZ2JhKDI1NSwyNTUsMjU1LDAuNzUpIiB0ZXh0LWFuY2hvcj0ibWlkZGxlIiBmb250LWZhbWlseT0ic2Fucy1zZXJpZiI+5Li05pyf5aW954mpIDXmipjotbc8L3RleHQ+Cjwvc3ZnPg==', '好侍百梦多咖喱块，无需调味，切块加入即可，咖喱香浓，口感醇厚，老少皆宜。', 1, 0, NOW(), NOW()),
  (41, 2, 5, '阿芬撒子面 280g', 14.8, 7.4, 55, '2026-04-15 23:59:59', '碳水化合物，襄阳特产', '怀旧人群、地方美食爱好者', '小麦过敏者禁食', '酥脆可口，葱香扑鼻', 'data:image/svg+xml;base64,PHN2ZyB4bWxucz0iaHR0cDovL3d3dy53My5vcmcvMjAwMC9zdmciIHdpZHRoPSI0MDAiIGhlaWdodD0iMzAwIiB2aWV3Qm94PSIwIDAgNDAwIDMwMCI+CiAgPHJlY3Qgd2lkdGg9IjQwMCIgaGVpZ2h0PSIzMDAiIGZpbGw9IiNGRkY5QzQiIHJ4PSIwIi8+CiAgPHJlY3Qgd2lkdGg9IjQwMCIgaGVpZ2h0PSIzMDAiIGZpbGw9Im5vbmUiIHN0cm9rZT0icmdiYSgwLDAsMCwwLjA1KSIgc3Ryb2tlLXdpZHRoPSIxIi8+CiAgPHRleHQgeD0iMjAwIiB5PSIxMTAiIGZvbnQtc2l6ZT0iNzIiIHRleHQtYW5jaG9yPSJtaWRkbGUiPvCfjZ08L3RleHQ+CiAgPHRleHQgeD0iMjAwIiB5PSIxOTAiIGZvbnQtc2l6ZT0iMjIiIGZvbnQtd2VpZ2h0PSI5MDAiIGZpbGw9IndoaXRlIiB0ZXh0LWFuY2hvcj0ibWlkZGxlIiBmb250LWZhbWlseT0ic2Fucy1zZXJpZiI+6Zi/6Iqs5pKS5a2Q6Z2iIDI4MGc8L3RleHQ+CiAgPHRleHQgeD0iMjAwIiB5PSIyMzAiIGZvbnQtc2l6ZT0iMTQiIGZpbGw9InJnYmEoMjU1LDI1NSwyNTUsMC43NSkiIHRleHQtYW5jaG9yPSJtaWRkbGUiIGZvbnQtZmFtaWx5PSJzYW5zLXNlcmlmIj7kuLTmnJ/lpb3niakgNeaKmOi1tzwvdGV4dD4KPC9zdmc+', '湖北襄阳特产阿芬撒子面，纤细酥脆，葱香扑鼻，可干吃可泡食，休闲速食两相宜。', 1, 0, NOW(), NOW()),
  (42, 1, 5, '桂格即食燕麦片 800g', 32, 16, 40, '2026-04-16 23:59:59', '富含膳食纤维和β-葡聚糖', '减肥人群、三高人群', '无', '软糯可口，麦香自然', 'data:image/svg+xml;base64,PHN2ZyB4bWxucz0iaHR0cDovL3d3dy53My5vcmcvMjAwMC9zdmciIHdpZHRoPSI0MDAiIGhlaWdodD0iMzAwIiB2aWV3Qm94PSIwIDAgNDAwIDMwMCI+CiAgPHJlY3Qgd2lkdGg9IjQwMCIgaGVpZ2h0PSIzMDAiIGZpbGw9IiNEN0NDQzgiIHJ4PSIwIi8+CiAgPHJlY3Qgd2lkdGg9IjQwMCIgaGVpZ2h0PSIzMDAiIGZpbGw9Im5vbmUiIHN0cm9rZT0icmdiYSgwLDAsMCwwLjA1KSIgc3Ryb2tlLXdpZHRoPSIxIi8+CiAgPHRleHQgeD0iMjAwIiB5PSIxMTAiIGZvbnQtc2l6ZT0iNzIiIHRleHQtYW5jaG9yPSJtaWRkbGUiPvCfpaM8L3RleHQ+CiAgPHRleHQgeD0iMjAwIiB5PSIxOTAiIGZvbnQtc2l6ZT0iMjIiIGZvbnQtd2VpZ2h0PSI5MDAiIGZpbGw9IndoaXRlIiB0ZXh0LWFuY2hvcj0ibWlkZGxlIiBmb250LWZhbWlseT0ic2Fucy1zZXJpZiI+5qGC5qC85Y2z6aOf54eV6bqm54mHIDgwMGc8L3RleHQ+CiAgPHRleHQgeD0iMjAwIiB5PSIyMzAiIGZvbnQtc2l6ZT0iMTQiIGZpbGw9InJnYmEoMjU1LDI1NSwyNTUsMC43NSkiIHRleHQtYW5jaG9yPSJtaWRkbGUiIGZvbnQtZmFtaWx5PSJzYW5zLXNlcmlmIj7kuLTmnJ/lpb3niakgNeaKmOi1tzwvdGV4dD4KPC9zdmc+', '桂格即食燕麦片，无需煮沸，热水冲泡即可，富含膳食纤维，是健康的早餐选择。', 1, 0, NOW(), NOW()),
  (43, 1, 6, '农夫山泉饮用天然水 550ml*24瓶', 36, 18, 100, '2026-04-10 23:59:59', '纯净水，补充水分', '所有人群', '无', '清冽甘甜，天然健康', 'data:image/svg+xml;base64,PHN2ZyB4bWxucz0iaHR0cDovL3d3dy53My5vcmcvMjAwMC9zdmciIHdpZHRoPSI0MDAiIGhlaWdodD0iMzAwIiB2aWV3Qm94PSIwIDAgNDAwIDMwMCI+CiAgPHJlY3Qgd2lkdGg9IjQwMCIgaGVpZ2h0PSIzMDAiIGZpbGw9IiM0MkE1RjUiIHJ4PSIwIi8+CiAgPHJlY3Qgd2lkdGg9IjQwMCIgaGVpZ2h0PSIzMDAiIGZpbGw9Im5vbmUiIHN0cm9rZT0icmdiYSgwLDAsMCwwLjA1KSIgc3Ryb2tlLXdpZHRoPSIxIi8+CiAgPHRleHQgeD0iMjAwIiB5PSIxMTAiIGZvbnQtc2l6ZT0iNzIiIHRleHQtYW5jaG9yPSJtaWRkbGUiPvCfkqc8L3RleHQ+CiAgPHRleHQgeD0iMjAwIiB5PSIxOTAiIGZvbnQtc2l6ZT0iMjIiIGZvbnQtd2VpZ2h0PSI5MDAiIGZpbGw9IndoaXRlIiB0ZXh0LWFuY2hvcj0ibWlkZGxlIiBmb250LWZhbWlseT0ic2Fucy1zZXJpZiI+5Yac5aSr5bGx5rOJ6aWu55So5aSp54S25rC0IDU1MG1sKjI055O2PC90ZXh0PgogIDx0ZXh0IHg9IjIwMCIgeT0iMjMwIiBmb250LXNpemU9IjE0IiBmaWxsPSJyZ2JhKDI1NSwyNTUsMjU1LDAuNzUpIiB0ZXh0LWFuY2hvcj0ibWlkZGxlIiBmb250LWZhbWlseT0ic2Fucy1zZXJpZiI+5Li05pyf5aW954mpIDXmipjotbc8L3RleHQ+Cjwvc3ZnPg==', '农夫山泉天然水，来自优质水源地，口感清冽甘甜，是家庭和办公的日常饮水首选。', 1, 0, NOW(), NOW()),
  (44, 1, 6, '元气森林白桃味气泡水 480ml*6瓶', 42, 21, 50, '2026-04-11 23:59:59', '0糖0脂0卡，添加赤藓糖醇', '减肥人群、年轻群体', '无', '白桃清香，气泡充足', 'data:image/svg+xml;base64,PHN2ZyB4bWxucz0iaHR0cDovL3d3dy53My5vcmcvMjAwMC9zdmciIHdpZHRoPSI0MDAiIGhlaWdodD0iMzAwIiB2aWV3Qm94PSIwIDAgNDAwIDMwMCI+CiAgPHJlY3Qgd2lkdGg9IjQwMCIgaGVpZ2h0PSIzMDAiIGZpbGw9IiNGNDhGQjEiIHJ4PSIwIi8+CiAgPHJlY3Qgd2lkdGg9IjQwMCIgaGVpZ2h0PSIzMDAiIGZpbGw9Im5vbmUiIHN0cm9rZT0icmdiYSgwLDAsMCwwLjA1KSIgc3Ryb2tlLXdpZHRoPSIxIi8+CiAgPHRleHQgeD0iMjAwIiB5PSIxMTAiIGZvbnQtc2l6ZT0iNzIiIHRleHQtYW5jaG9yPSJtaWRkbGUiPvCfpaQ8L3RleHQ+CiAgPHRleHQgeD0iMjAwIiB5PSIxOTAiIGZvbnQtc2l6ZT0iMjIiIGZvbnQtd2VpZ2h0PSI5MDAiIGZpbGw9IndoaXRlIiB0ZXh0LWFuY2hvcj0ibWlkZGxlIiBmb250LWZhbWlseT0ic2Fucy1zZXJpZiI+5YWD5rCU5qOu5p6X55m95qGD5ZGz5rCU5rOh5rC0IDQ4MG1sKjbnk7Y8L3RleHQ+CiAgPHRleHQgeD0iMjAwIiB5PSIyMzAiIGZvbnQtc2l6ZT0iMTQiIGZpbGw9InJnYmEoMjU1LDI1NSwyNTUsMC43NSkiIHRleHQtYW5jaG9yPSJtaWRkbGUiIGZvbnQtZmFtaWx5PSJzYW5zLXNlcmlmIj7kuLTmnJ/lpb3niakgNeaKmOi1tzwvdGV4dD4KPC9zdmc+', '元气森林白桃味气泡水，0糖0脂0卡，白桃清香，气泡充足，好喝无负担。', 1, 0, NOW(), NOW()),
  (45, 2, 6, '统一冰红茶 500ml*3瓶', 15, 7.5, 80, '2026-04-12 23:59:59', '补充维生素C和水分', '所有人群', '无', '酸甜适口，冰爽解渴', 'data:image/svg+xml;base64,PHN2ZyB4bWxucz0iaHR0cDovL3d3dy53My5vcmcvMjAwMC9zdmciIHdpZHRoPSI0MDAiIGhlaWdodD0iMzAwIiB2aWV3Qm94PSIwIDAgNDAwIDMwMCI+CiAgPHJlY3Qgd2lkdGg9IjQwMCIgaGVpZ2h0PSIzMDAiIGZpbGw9IiNGRjhGMDAiIHJ4PSIwIi8+CiAgPHJlY3Qgd2lkdGg9IjQwMCIgaGVpZ2h0PSIzMDAiIGZpbGw9Im5vbmUiIHN0cm9rZT0icmdiYSgwLDAsMCwwLjA1KSIgc3Ryb2tlLXdpZHRoPSIxIi8+CiAgPHRleHQgeD0iMjAwIiB5PSIxMTAiIGZvbnQtc2l6ZT0iNzIiIHRleHQtYW5jaG9yPSJtaWRkbGUiPvCfp4M8L3RleHQ+CiAgPHRleHQgeD0iMjAwIiB5PSIxOTAiIGZvbnQtc2l6ZT0iMjIiIGZvbnQtd2VpZ2h0PSI5MDAiIGZpbGw9IndoaXRlIiB0ZXh0LWFuY2hvcj0ibWlkZGxlIiBmb250LWZhbWlseT0ic2Fucy1zZXJpZiI+57uf5LiA5Yaw57qi6Iy2IDUwMG1sKjPnk7Y8L3RleHQ+CiAgPHRleHQgeD0iMjAwIiB5PSIyMzAiIGZvbnQtc2l6ZT0iMTQiIGZpbGw9InJnYmEoMjU1LDI1NSwyNTUsMC43NSkiIHRleHQtYW5jaG9yPSJtaWRkbGUiIGZvbnQtZmFtaWx5PSJzYW5zLXNlcmlmIj7kuLTmnJ/lpb3niakgNeaKmOi1tzwvdGV4dD4KPC9zdmc+', '统一冰红茶，精选斯里兰卡红茶，冰镇后酸甜适口，是夏日解渴的最佳选择。', 1, 0, NOW(), NOW()),
  (46, 2, 6, '旺仔牛奶 245ml*4罐', 28, 14, 60, '2026-04-13 23:59:59', '富含蛋白质和钙质', '儿童、早餐人群', '乳糖不耐受者慎食', '奶香浓郁，甜而不腻', 'data:image/svg+xml;base64,PHN2ZyB4bWxucz0iaHR0cDovL3d3dy53My5vcmcvMjAwMC9zdmciIHdpZHRoPSI0MDAiIGhlaWdodD0iMzAwIiB2aWV3Qm94PSIwIDAgNDAwIDMwMCI+CiAgPHJlY3Qgd2lkdGg9IjQwMCIgaGVpZ2h0PSIzMDAiIGZpbGw9IiNGRkVDQjMiIHJ4PSIwIi8+CiAgPHJlY3Qgd2lkdGg9IjQwMCIgaGVpZ2h0PSIzMDAiIGZpbGw9Im5vbmUiIHN0cm9rZT0icmdiYSgwLDAsMCwwLjA1KSIgc3Ryb2tlLXdpZHRoPSIxIi8+CiAgPHRleHQgeD0iMjAwIiB5PSIxMTAiIGZvbnQtc2l6ZT0iNzIiIHRleHQtYW5jaG9yPSJtaWRkbGUiPvCfpZs8L3RleHQ+CiAgPHRleHQgeD0iMjAwIiB5PSIxOTAiIGZvbnQtc2l6ZT0iMjIiIGZvbnQtd2VpZ2h0PSI5MDAiIGZpbGw9IndoaXRlIiB0ZXh0LWFuY2hvcj0ibWlkZGxlIiBmb250LWZhbWlseT0ic2Fucy1zZXJpZiI+5pe65LuU54mb5aW2IDI0NW1sKjTnvZA8L3RleHQ+CiAgPHRleHQgeD0iMjAwIiB5PSIyMzAiIGZvbnQtc2l6ZT0iMTQiIGZpbGw9InJnYmEoMjU1LDI1NSwyNTUsMC43NSkiIHRleHQtYW5jaG9yPSJtaWRkbGUiIGZvbnQtZmFtaWx5PSJzYW5zLXNlcmlmIj7kuLTmnJ/lpb3niakgNeaKmOi1tzwvdGV4dD4KPC9zdmc+', '旺仔牛奶，经典罐装复原乳饮料，奶香浓郁甜而不腻，是大人小孩都爱喝的童年味道。', 1, 0, NOW(), NOW()),
  (47, 3, 6, '汇源100%橙汁 1L', 19.8, 9.9, 45, '2026-04-09 23:59:59', '富含维生素C和钾元素', '所有人群', '柑橘过敏者慎食', '鲜榨口感，橙香浓郁', 'data:image/svg+xml;base64,PHN2ZyB4bWxucz0iaHR0cDovL3d3dy53My5vcmcvMjAwMC9zdmciIHdpZHRoPSI0MDAiIGhlaWdodD0iMzAwIiB2aWV3Qm94PSIwIDAgNDAwIDMwMCI+CiAgPHJlY3Qgd2lkdGg9IjQwMCIgaGVpZ2h0PSIzMDAiIGZpbGw9IiNGRjk4MDAiIHJ4PSIwIi8+CiAgPHJlY3Qgd2lkdGg9IjQwMCIgaGVpZ2h0PSIzMDAiIGZpbGw9Im5vbmUiIHN0cm9rZT0icmdiYSgwLDAsMCwwLjA1KSIgc3Ryb2tlLXdpZHRoPSIxIi8+CiAgPHRleHQgeD0iMjAwIiB5PSIxMTAiIGZvbnQtc2l6ZT0iNzIiIHRleHQtYW5jaG9yPSJtaWRkbGUiPvCfjYo8L3RleHQ+CiAgPHRleHQgeD0iMjAwIiB5PSIxOTAiIGZvbnQtc2l6ZT0iMjIiIGZvbnQtd2VpZ2h0PSI5MDAiIGZpbGw9IndoaXRlIiB0ZXh0LWFuY2hvcj0ibWlkZGxlIiBmb250LWZhbWlseT0ic2Fucy1zZXJpZiI+5rGH5rqQMTAwJeapmeaxgSAxTDwvdGV4dD4KICA8dGV4dCB4PSIyMDAiIHk9IjIzMCIgZm9udC1zaXplPSIxNCIgZmlsbD0icmdiYSgyNTUsMjU1LDI1NSwwLjc1KSIgdGV4dC1hbmNob3I9Im1pZGRsZSIgZm9udC1mYW1pbHk9InNhbnMtc2VyaWYiPuS4tOacn+WlveeJqSA15oqY6LW3PC90ZXh0Pgo8L3N2Zz4=', '汇源100%纯橙汁，不加水不添糖，口感如同鲜榨，橙香浓郁，是早餐的健康伴侣。', 1, 0, NOW(), NOW()),
  (48, 1, 6, '娃哈哈AD钙奶 220ml*4瓶', 16, 8, 70, '2026-04-14 23:59:59', '富含钙质和维生素D', '儿童、青少年', '乳制品过敏者禁食', '酸甜可口，奶味浓郁', 'data:image/svg+xml;base64,PHN2ZyB4bWxucz0iaHR0cDovL3d3dy53My5vcmcvMjAwMC9zdmciIHdpZHRoPSI0MDAiIGhlaWdodD0iMzAwIiB2aWV3Qm94PSIwIDAgNDAwIDMwMCI+CiAgPHJlY3Qgd2lkdGg9IjQwMCIgaGVpZ2h0PSIzMDAiIGZpbGw9IiNGRkY5QzQiIHJ4PSIwIi8+CiAgPHJlY3Qgd2lkdGg9IjQwMCIgaGVpZ2h0PSIzMDAiIGZpbGw9Im5vbmUiIHN0cm9rZT0icmdiYSgwLDAsMCwwLjA1KSIgc3Ryb2tlLXdpZHRoPSIxIi8+CiAgPHRleHQgeD0iMjAwIiB5PSIxMTAiIGZvbnQtc2l6ZT0iNzIiIHRleHQtYW5jaG9yPSJtaWRkbGUiPvCfpZs8L3RleHQ+CiAgPHRleHQgeD0iMjAwIiB5PSIxOTAiIGZvbnQtc2l6ZT0iMjIiIGZvbnQtd2VpZ2h0PSI5MDAiIGZpbGw9IndoaXRlIiB0ZXh0LWFuY2hvcj0ibWlkZGxlIiBmb250LWZhbWlseT0ic2Fucy1zZXJpZiI+5aiD5ZOI5ZOIQUTpkpnlpbYgMjIwbWwqNOeTtjwvdGV4dD4KICA8dGV4dCB4PSIyMDAiIHk9IjIzMCIgZm9udC1zaXplPSIxNCIgZmlsbD0icmdiYSgyNTUsMjU1LDI1NSwwLjc1KSIgdGV4dC1hbmNob3I9Im1pZGRsZSIgZm9udC1mYW1pbHk9InNhbnMtc2VyaWYiPuS4tOacn+WlveeJqSA15oqY6LW3PC90ZXh0Pgo8L3N2Zz4=', '娃哈哈AD钙奶，添加维生素A和D，酸甜可口奶味浓郁，是陪伴几代人成长的经典饮品。', 1, 0, NOW(), NOW()),
  (49, 3, 6, '王老吉凉茶 310ml*12罐', 48, 24, 35, '2026-04-15 23:59:59', '草本植物饮品，清热解毒', '上火人群、油腻饮食后', '无', '甘凉清爽，草药清香', 'data:image/svg+xml;base64,PHN2ZyB4bWxucz0iaHR0cDovL3d3dy53My5vcmcvMjAwMC9zdmciIHdpZHRoPSI0MDAiIGhlaWdodD0iMzAwIiB2aWV3Qm94PSIwIDAgNDAwIDMwMCI+CiAgPHJlY3Qgd2lkdGg9IjQwMCIgaGVpZ2h0PSIzMDAiIGZpbGw9IiMyRTdEMzIiIHJ4PSIwIi8+CiAgPHJlY3Qgd2lkdGg9IjQwMCIgaGVpZ2h0PSIzMDAiIGZpbGw9Im5vbmUiIHN0cm9rZT0icmdiYSgwLDAsMCwwLjA1KSIgc3Ryb2tlLXdpZHRoPSIxIi8+CiAgPHRleHQgeD0iMjAwIiB5PSIxMTAiIGZvbnQtc2l6ZT0iNzIiIHRleHQtYW5jaG9yPSJtaWRkbGUiPvCfjbU8L3RleHQ+CiAgPHRleHQgeD0iMjAwIiB5PSIxOTAiIGZvbnQtc2l6ZT0iMjIiIGZvbnQtd2VpZ2h0PSI5MDAiIGZpbGw9IndoaXRlIiB0ZXh0LWFuY2hvcj0ibWlkZGxlIiBmb250LWZhbWlseT0ic2Fucy1zZXJpZiI+546L6ICB5ZCJ5YeJ6Iy2IDMxMG1sKjEy572QPC90ZXh0PgogIDx0ZXh0IHg9IjIwMCIgeT0iMjMwIiBmb250LXNpemU9IjE0IiBmaWxsPSJyZ2JhKDI1NSwyNTUsMjU1LDAuNzUpIiB0ZXh0LWFuY2hvcj0ibWlkZGxlIiBmb250LWZhbWlseT0ic2Fucy1zZXJpZiI+5Li05pyf5aW954mpIDXmipjotbc8L3RleHQ+Cjwvc3ZnPg==', '王老吉凉茶，传承凉茶配方，草本植物熬制，甘凉清爽，吃火锅烧烤后必备饮品。', 1, 0, NOW(), NOW()),
  (50, 2, 6, '特仑苏有机纯牛奶 250ml*12盒', 88, 44, 25, '2026-04-16 23:59:59', '有机奶源，优质乳蛋白3.6g/100ml', '高端人群、注重健康人群', '乳糖不耐受者慎食', '奶香醇厚，口感丝滑', 'data:image/svg+xml;base64,PHN2ZyB4bWxucz0iaHR0cDovL3d3dy53My5vcmcvMjAwMC9zdmciIHdpZHRoPSI0MDAiIGhlaWdodD0iMzAwIiB2aWV3Qm94PSIwIDAgNDAwIDMwMCI+CiAgPHJlY3Qgd2lkdGg9IjQwMCIgaGVpZ2h0PSIzMDAiIGZpbGw9IiNGNUY1RjUiIHJ4PSIwIi8+CiAgPHJlY3Qgd2lkdGg9IjQwMCIgaGVpZ2h0PSIzMDAiIGZpbGw9Im5vbmUiIHN0cm9rZT0icmdiYSgwLDAsMCwwLjA1KSIgc3Ryb2tlLXdpZHRoPSIxIi8+CiAgPHRleHQgeD0iMjAwIiB5PSIxMTAiIGZvbnQtc2l6ZT0iNzIiIHRleHQtYW5jaG9yPSJtaWRkbGUiPvCfpZs8L3RleHQ+CiAgPHRleHQgeD0iMjAwIiB5PSIxOTAiIGZvbnQtc2l6ZT0iMjIiIGZvbnQtd2VpZ2h0PSI5MDAiIGZpbGw9IndoaXRlIiB0ZXh0LWFuY2hvcj0ibWlkZGxlIiBmb250LWZhbWlseT0ic2Fucy1zZXJpZiI+54m55LuR6IuP5pyJ5py657qv54mb5aW2IDI1MG1sKjEy55uSPC90ZXh0PgogIDx0ZXh0IHg9IjIwMCIgeT0iMjMwIiBmb250LXNpemU9IjE0IiBmaWxsPSJyZ2JhKDI1NSwyNTUsMjU1LDAuNzUpIiB0ZXh0LWFuY2hvcj0ibWlkZGxlIiBmb250LWZhbWlseT0ic2Fucy1zZXJpZiI+5Li05pyf5aW954mpIDXmipjotbc8L3RleHQ+Cjwvc3ZnPg==', '特仑苏有机纯牛奶，来自专属有机牧场，奶香醇厚，口感丝滑，每100ml含蛋白质3.6g。', 1, 0, NOW(), NOW());
